fold,sample_index,true_efficacy,prediction
1,18,0.285608,0.335549
1,25,0.564504,0.574744
1,29,0.386279,0.302499
1,44,0.647278,0.641843
1,48,0.405667,0.549171
1,49,0.63833,0.689859
1,51,0.556301,0.595303
1,56,0.692021,0.723325
1,65,0.51305,0.279476
1,67,0.467562,0.342292
1,69,0.616704,0.576947
1,70,0.665921,0.626863
1,73,0.250559,0.435308
1,76,0.54959,0.558526
1,84,0.571216,0.556997
1,96,0.435496,0.398776
1,100,0.537658,0.359592
1,109,0.491424,0.480688
1,111,0.432513,0.394049
1,118,0.542133,0.518073
1,120,0.563013,0.587404
1,128,0.642804,0.680535
1,134,0.704698,0.686649
1,135,0.733781,0.709452
1,149,0.731544,0.709134
1,157,0.694258,0.605929
1,163,0.645787,0.657668
1,168,0.470544,0.315251
1,173,0.464579,0.39698
1,174,0.568233,0.485625
1,177,0.779269,0.624084
1,178,0.741984,0.429206
1,179,0.59657,0.558812
1,184,0.38777,0.328879
1,188,0.747949,0.640862
1,192,0.333333,0.259481
1,196,0.698732,0.696327
1,203,0.459359,0.399282
1,208,0.586875,0.628176
1,210,0.548098,0.642536
1,211,0.62789,0.651633
1,212,0.626398,0.587665
1,218,0.530947,0.490495
1,219,0.380313,0.357975
1,220,0.565996,0.51519
1,229,0.376585,0.459862
1,231,0.625652,0.599252
1,233,0.55481,0.692789
1,237,0.538404,0.613681
1,240,0.357196,0.454333
1,247,0.343028,0.250595
1,251,0.519761,0.688185
1,252,0.46085,0.382821
1,254,0.597315,0.62444
1,259,0.354213,0.404676
1,275,0.46085,0.521977
1,279,0.583147,0.644881
1,282,0.404922,0.458344
1,283,0.504847,0.486593
1,286,0.456376,0.384348
1,289,0.521253,0.624308
1,290,0.500373,0.581452
1,291,0.495153,0.436548
1,296,0.468307,0.512434
1,298,0.457122,0.359429
1,299,0.418345,0.368718
1,303,0.499627,0.569958
1,307,0.451902,0.490996
1,321,0.59135,0.488449
1,332,0.598807,0.650803
1,342,0.536167,0.62488
1,350,0.439224,0.383543
1,353,0.395227,0.478644
1,360,0.320656,0.374485
1,361,0.270694,0.285259
1,366,0.562267,0.578465
1,367,0.609247,0.547657
1,368,0.410142,0.481082
1,383,0.365399,0.438808
1,387,0.623415,0.694591
1,402,0.553318,0.575543
1,406,0.428039,0.406918
1,407,0.368382,0.39433
1,408,0.420582,0.602959
1,410,0.683072,0.463753
1,414,0.586875,0.380982
1,416,0.572707,0.628972
1,420,0.610738,0.637983
1,422,0.521253,0.534313
1,423,0.647278,0.507349
1,426,0.667412,0.685116
1,430,0.738255,0.662358
1,432,0.545861,0.423239
1,433,0.460104,0.433809
1,435,0.296048,0.352938
1,438,0.344519,0.554267
1,440,0.376585,0.451483
1,443,0.499627,0.607928
1,445,0.296048,0.397624
1,450,0.54437,0.405848
1,457,0.348993,0.379776
1,461,0.202834,0.291889
1,463,0.542133,0.542912
1,464,0.458613,0.467458
1,471,0.554064,0.457187
1,478,0.193139,0.421233
1,479,0.498136,0.401122
1,482,0.294556,0.289123
1,485,0.435496,0.55657
1,486,0.295302,0.438779
1,495,0.255034,0.481804
1,507,0.317673,0.381009
1,508,0.536167,0.492827
1,509,0.657718,0.611408
1,522,0.54959,0.516118
1,527,0.729306,0.593189
1,528,0.561521,0.721571
1,529,0.536167,0.64678
1,530,0.396719,0.489025
1,532,0.36689,0.692039
1,544,0.390007,0.369551
1,554,0.56003,0.43134
1,555,0.431767,0.334532
1,575,0.480239,0.553861
1,581,0.35123,0.597343
1,582,0.36167,0.362794
1,596,0.483967,0.533792
1,598,0.445936,0.431682
1,599,0.487696,0.614978
1,602,0.337808,0.435295
1,605,0.409396,0.359592
1,610,0.400447,0.694852
1,611,0.49739,0.608655
1,613,0.553318,0.687288
1,617,0.519016,0.530057
1,618,0.509321,0.577763
1,620,0.511559,0.469059
1,621,0.547353,0.409208
1,629,0.757644,0.594637
1,630,0.522744,0.559047
1,632,0.365399,0.316713
1,636,0.385533,0.27739
1,637,0.345265,0.351379
1,643,0.651007,0.693013
1,649,0.310962,0.363104
1,651,0.535421,0.571563
1,668,0.535421,0.554931
1,670,0.819538,0.555788
1,672,0.519761,0.476945
1,677,0.344519,0.556533
1,678,0.721104,0.667484
1,693,0.651752,0.65203
1,694,0.448173,0.567467
1,695,0.417599,0.469322
1,700,0.441462,0.482784
1,705,0.369873,0.273011
1,707,0.658464,0.669289
1,727,0.470544,0.536188
1,736,0.583147,0.63388
1,741,0.384787,0.554102
1,742,0.42431,0.342409
1,744,0.595078,0.51002
1,755,0.320656,0.35417
1,759,0.366145,0.297437
1,767,0.422819,0.363379
1,785,0.470544,0.531953
1,786,0.555556,0.465034
1,792,0.45041,0.403435
1,807,0.346756,0.438887
1,808,0.332588,0.338466
1,809,0.267711,0.461711
1,810,0.336316,0.326263
1,817,0.421327,0.479785
1,821,0.384042,0.351654
1,829,0.430276,0.310323
1,838,0.53393,0.350303
1,840,0.44519,0.466026
1,841,0.416853,0.372576
1,845,0.43997,0.37406
1,849,0.237136,0.283543
1,867,0.640567,0.418172
1,873,0.320656,0.252088
1,881,0.473527,0.463659
1,888,0.553318,0.608367
1,889,0.724087,0.701346
1,900,0.545861,0.388741
1,902,0.532438,0.546086
1,903,0.36167,0.543465
1,907,0.401193,0.336947
1,916,0.489933,0.56774
1,925,0.8956,0.592341
1,926,0.597315,0.686545
1,927,0.459359,0.306013
1,930,0.389262,0.54559
1,931,0.583147,0.478104
1,932,0.516033,0.407157
1,937,0.561521,0.550597
1,942,0.728561,0.599398
1,944,0.46085,0.636963
1,948,0.567487,0.667874
1,949,0.581656,0.647859
1,962,0.749441,0.586573
1,965,0.422073,0.591256
1,979,0.683072,0.561914
1,994,0.592095,0.434339
1,998,0.765101,0.665106
1,999,0.791946,0.698089
1,1000,0.599553,0.679398
1,1014,0.50261,0.477379
1,1023,0.470544,0.392389
1,1027,0.562267,0.474375
1,1034,0.671141,0.530775
1,1037,0.751678,0.645844
1,1041,0.651007,0.665535
1,1043,0.755406,0.640993
1,1044,0.788218,0.61027
1,1047,0.933632,0.716563
1,1050,0.718867,0.578143
1,1055,0.82252,0.482608
1,1075,0.777778,0.600653
1,1083,0.611484,0.673465
1,1084,0.858315,0.701677
1,1089,0.708427,0.405476
1,1091,0.639075,0.606715
1,1094,0.920955,0.704278
1,1102,0.695004,0.47976
1,1112,0.548844,0.533134
1,1113,0.813572,0.69723
1,1114,0.846383,0.707657
1,1116,0.559284,0.619171
1,1124,0.736764,0.624433
1,1131,0.587621,0.662037
1,1132,0.353468,0.333677
1,1133,0.263236,0.497543
1,1134,0.585384,0.682426
1,1135,0.357196,0.423829
1,1138,0.354959,0.305128
1,1143,0.451156,0.456119
1,1151,0.527219,0.413412
1,1159,0.478002,0.625926
1,1163,0.345265,0.357513
1,1170,0.48173,0.506954
1,1171,0.571216,0.704778
1,1176,0.522744,0.446074
1,1179,0.686801,0.731064
1,1181,0.488441,0.649413
1,1192,0.462342,0.545577
1,1193,0.636838,0.530785
1,1194,0.665175,0.596747
1,1198,0.353468,0.692015
1,1200,0.329605,0.595637
1,1208,0.529456,0.499791
1,1211,0.396719,0.396119
1,1223,0.562267,0.614207
1,1245,0.639075,0.681569
1,1249,0.395973,0.332712
1,1263,0.500373,0.690748
1,1271,0.541387,0.681511
1,1272,0.384042,0.625492
1,1279,0.422819,0.608032
1,1284,0.524236,0.606478
1,1286,0.43997,0.676623
1,1303,0.480239,0.521224
1,1304,0.411633,0.37447
1,1309,0.375839,0.460519
1,1310,0.572707,0.463195
1,1330,0.674124,0.574296
1,1332,0.683818,0.571008
1,1334,0.673378,0.628802
1,1336,0.577927,0.570873
1,1337,0.700969,0.698022
1,1338,0.636838,0.64856
1,1341,0.299776,0.46404
1,1344,0.371365,0.57824
1,1351,0.584638,0.646948
1,1357,0.442953,0.445805
1,1359,0.257271,0.324411
1,1360,0.264728,0.355111
1,1368,0.517524,0.600799
1,1370,0.36689,0.384787
1,1372,0.745712,0.700245
1,1376,0.333333,0.293017
1,1379,0.652498,0.703669
1,1382,0.32513,0.354275
1,1383,0.222968,0.237348
1,1385,0.526473,0.57476
1,1391,0.296793,0.344557
1,1398,0.631618,0.595971
1,1401,0.457867,0.539681
1,1402,0.726324,0.677806
1,1403,0.268456,0.667008
1,1404,0.452647,0.602674
1,1406,0.589113,0.522198
1,1410,0.553318,0.605528
1,1411,0.760626,0.651374
1,1414,0.475764,0.583564
1,1420,0.604773,0.616158
1,1423,0.454884,0.471612
1,1435,0.469053,0.326897
1,1437,0.316928,0.353447
1,1444,0.237136,0.332756
1,1461,0.655481,0.609763
1,1463,0.465324,0.519268
1,1475,0.504847,0.356703
1,1480,0.451902,0.446442
1,1486,0.573453,0.680951
1,1490,0.661447,0.558593
1,1506,0.326622,0.307169
1,1508,0.326622,0.341078
1,1512,0.436242,0.444712
1,1521,0.681581,0.669075
1,1533,0.393736,0.381866
1,1535,0.56525,0.697594
1,1538,0.545861,0.584339
1,1539,0.352722,0.449214
1,1541,0.255779,0.292709
1,1543,0.608501,0.684864
1,1544,0.611484,0.673516
1,1546,0.659955,0.721657
1,1551,0.61745,0.578003
1,1553,0.390753,0.588661
1,1558,0.665921,0.639806
1,1559,0.663684,0.639051
1,1561,0.407905,0.452508
1,1565,0.561521,0.612598
1,1591,0.475764,0.598644
1,1592,0.289336,0.202011
1,1602,0.708427,0.688112
1,1604,0.432513,0.500559
1,1605,0.686055,0.657046
1,1608,0.54437,0.558246
1,1611,0.662192,0.615379
1,1612,0.688292,0.573408
1,1623,0.661447,0.706187
1,1626,0.708427,0.615845
1,1629,0.715884,0.639915
1,1632,0.320656,0.391972
1,1639,0.674124,0.375389
1,1651,0.461596,0.477815
1,1655,0.414616,0.446683
1,1666,0.331096,0.314684
1,1670,0.506339,0.623511
1,1674,0.693512,0.368956
1,1677,0.445936,0.432467
1,1689,0.703207,0.667195
1,1690,0.411633,0.513404
1,1691,0.709918,0.613638
1,1700,0.435496,0.317077
1,1701,0.431767,0.504854
1,1703,0.663684,0.613148
1,1713,0.348993,0.269205
1,1714,0.494407,0.413141
1,1717,0.494407,0.411742
1,1719,0.568978,0.536071
1,1720,0.632364,0.353175
1,1721,0.41387,0.479838
1,1727,0.38777,0.273162
1,1728,0.314691,0.415819
1,1729,0.348993,0.400182
1,1736,0.447427,0.500073
1,1737,0.334079,0.586944
1,1738,0.411633,0.529039
1,1739,0.661447,0.631709
1,1743,0.199851,0.46496
1,1744,0.17226,0.411444
1,1745,0.243848,0.661058
1,1752,0.521999,0.582172
1,1755,0.668158,0.657003
1,1760,0.522744,0.584991
1,1769,0.363908,0.503054
1,1776,0.1044,0.350096
1,1790,0.642804,0.686639
1,1791,0.615958,0.630773
1,1797,0.524981,0.475126
1,1798,0.470544,0.336301
1,1805,0.372856,0.584351
1,1825,0.650261,0.517791
1,1830,0.178225,0.374241
1,1831,0.489187,0.371459
1,1840,0.58091,0.495502
1,1855,0.404176,0.309597
1,1859,0.363908,0.373995
1,1868,0.454139,0.370527
1,1887,0.700969,0.623448
1,1888,0.47129,0.56524
1,1897,0.56525,0.418789
1,1898,0.533184,0.561158
1,1907,0.800895,0.622691
1,1915,0.545116,0.518329
1,1916,0.46085,0.390518
1,1921,0.280388,0.295529
1,1926,0.524981,0.573321
1,1928,0.705444,0.548757
1,1934,0.346756,0.568377
1,1939,0.651752,0.595423
1,1956,0.406413,0.390015
1,1965,0.199851,0.294295
1,1972,0.304251,0.226684
1,1975,0.489933,0.454198
1,1980,0.543624,0.421937
1,1984,0.746458,0.682868
1,1989,0.63833,0.536006
1,1990,0.452647,0.447301
1,1995,0.727069,0.591953
1,1999,0.014169,0.285809
1,2002,0.013423,0.315711
1,2013,0.649515,0.524884
1,2015,0.713647,0.581949
1,2016,0.844892,0.693762
1,2022,0.567487,0.334378
1,2024,0.946309,0.652862
1,2025,0.642804,0.425612
1,2032,0.563758,0.533413
1,2034,0.697987,0.629884
1,2072,0.49217,0.356989
1,2073,0.588367,0.338463
1,2080,0.395227,0.350532
1,2081,0.389262,0.51722
1,2082,0.440716,0.415086
1,2094,0.40865,0.373915
1,2098,0.56525,0.574294
1,2106,0.389262,0.421469
1,2108,0.646532,0.59526
1,2116,0.363162,0.430877
1,2119,0.393736,0.352026
1,2120,0.536913,0.390272
1,2126,0.419836,0.35757
1,2127,0.415362,0.492837
1,2128,0.492916,0.518185
1,2133,0.380313,0.436336
1,2143,0.635347,0.524246
1,2147,0.447427,0.319133
1,2149,0.354959,0.30721
1,2150,0.302013,0.350146
1,2156,0.639075,0.567527
1,2164,0.721104,0.558111
1,2167,0.411633,0.377173
1,2168,0.535421,0.535332
1,2184,0.718867,0.640758
1,2187,0.65921,0.588852
1,2190,0.383296,0.281584
1,2195,0.630127,0.665667
1,2201,0.677107,0.703631
1,2203,0.494407,0.630592
1,2213,0.421327,0.50313
1,2217,0.378822,0.482309
1,2226,0.36689,0.271518
1,2236,0.380313,0.47872
1,2239,0.348248,0.456873
1,2244,0.457122,0.372898
1,2248,0.504847,0.552736
1,2257,0.56525,0.420464
1,2262,0.612975,0.628898
1,2263,0.656972,0.612539
1,2270,0.463087,0.58988
1,2271,0.629381,0.66284
1,2274,0.712155,0.619902
1,2280,0.698732,0.379007
1,2281,0.526473,0.571813
1,2286,0.177479,0.300398
1,2296,0.321402,0.255623
1,2307,0.467562,0.603454
1,2322,0.419836,0.31215
1,2326,0.278151,0.380127
1,2327,0.505593,0.533032
1,2330,0.565996,0.249579
1,2333,0.582401,0.503795
1,2344,0.53915,0.58522
1,2351,0.064131,0.395744
1,2352,0.372856,0.447097
1,2355,0.120805,0.386444
1,2358,0.684564,0.644511
1,2359,0.462342,0.619105
2,2,0.383296,0.560779
2,8,0.440716,0.656293
2,13,0.485459,0.597719
2,20,0.620432,0.640413
2,23,0.618941,0.503661
2,30,0.561521,0.538921
2,32,0.592095,0.601582
2,37,0.587621,0.579974
2,39,0.567487,0.497278
2,45,0.578673,0.61154
2,53,0.63311,0.587796
2,59,0.602535,0.530863
2,63,0.564504,0.615235
2,71,0.277405,0.495101
2,78,0.486204,0.574522
2,83,0.260254,0.379572
2,87,0.307233,0.293216
2,91,0.411633,0.399723
2,99,0.334825,0.47774
2,105,0.189411,0.235157
2,115,0.54959,0.436762
2,121,0.501864,0.408854
2,123,0.354959,0.576676
2,124,0.509321,0.597453
2,141,0.601044,0.700443
2,152,0.742729,0.586998
2,162,0.510067,0.570678
2,170,0.707681,0.64374
2,175,0.688292,0.730939
2,182,0.331096,0.409065
2,185,0.262491,0.376006
2,194,0.708427,0.641402
2,198,0.372856,0.396151
2,205,0.580164,0.547318
2,207,0.345265,0.430666
2,209,0.623415,0.569621
2,221,0.512304,0.423653
2,226,0.395973,0.413161
2,230,0.631618,0.718838
2,239,0.57569,0.469456
2,244,0.564504,0.652907
2,250,0.359433,0.422088
2,256,0.636092,0.609925
2,261,0.642804,0.563156
2,263,0.595078,0.506768
2,265,0.609247,0.567051
2,266,0.396719,0.37584
2,270,0.420582,0.528664
2,271,0.360179,0.417836
2,273,0.553318,0.593565
2,277,0.45563,0.376233
2,281,0.433259,0.550762
2,292,0.487696,0.47298
2,294,0.511559,0.450022
2,297,0.480984,0.417749
2,300,0.519761,0.420875
2,304,0.370619,0.253562
2,305,0.612975,0.539262
2,306,0.571961,0.609794
2,308,0.510813,0.464669
2,309,0.40343,0.453525
2,310,0.599553,0.611701
2,311,0.592841,0.572665
2,313,0.487696,0.383615
2,315,0.531693,0.477229
2,316,0.642058,0.539569
2,318,0.686801,0.650641
2,322,0.420582,0.479158
2,324,0.401939,0.353289
2,331,0.58091,0.544507
2,339,0.451156,0.587295
2,343,0.49217,0.533302
2,344,0.420582,0.375063
2,348,0.395227,0.37409
2,351,0.483967,0.455909
2,352,0.548844,0.428135
2,354,0.446682,0.403652
2,358,0.440716,0.542915
2,363,0.219985,0.342877
2,365,0.611484,0.413325
2,374,0.484713,0.576144
2,376,0.559284,0.42436
2,377,0.614467,0.55643
2,380,0.539896,0.566504
2,381,0.423564,0.379053
2,382,0.543624,0.402131
2,393,0.577181,0.570743
2,394,0.52349,0.46452
2,398,0.467562,0.332326
2,409,0.58091,0.406722
2,411,0.56525,0.602236
2,413,0.460104,0.499955
2,415,0.59135,0.440115
2,425,0.184191,0.354531
2,427,0.735272,0.637756
2,429,0.660701,0.46523
2,436,0.395227,0.490716
2,439,0.299776,0.54971
2,447,0.345265,0.31111
2,453,0.53915,0.49899
2,458,0.545116,0.468493
2,462,0.273676,0.335813
2,472,0.435496,0.52398
2,480,0.388516,0.39898
2,483,0.516779,0.335879
2,494,0.256525,0.640034
2,500,0.52871,0.572562
2,505,0.452647,0.483006
2,506,0.586875,0.473584
2,511,0.525727,0.589394
2,514,0.353468,0.429284
2,519,0.579418,0.557309
2,526,0.365399,0.431974
2,534,0.333333,0.494171
2,535,0.276659,0.491053
2,538,0.333333,0.377976
2,543,0.52349,0.545432
2,548,0.463087,0.53703
2,552,0.540641,0.641591
2,556,0.677107,0.656356
2,557,0.624161,0.424862
2,561,0.299776,0.568474
2,564,0.451156,0.496035
2,565,0.46085,0.455049
2,567,0.55481,0.583492
2,571,0.431022,0.458825
2,572,0.39299,0.534876
2,576,0.217002,0.621493
2,579,0.328859,0.469266
2,583,0.516779,0.497804
2,584,0.257271,0.458263
2,585,0.383296,0.605685
2,588,0.48173,0.468967
2,590,0.334825,0.350951
2,601,0.32513,0.294152
2,607,0.363162,0.476836
2,634,0.447427,0.328414
2,642,0.457867,0.49465
2,647,0.64877,0.595298
2,650,0.54437,0.431865
2,674,0.461596,0.654251
2,679,0.831469,0.599555
2,680,0.457867,0.515106
2,685,0.56525,0.486154
2,686,0.625652,0.579208
2,704,0.336316,0.465039
2,715,0.39299,0.545352
2,719,0.50783,0.544365
2,721,0.545861,0.512265
2,729,0.395973,0.569853
2,733,0.538404,0.538305
2,746,0.531693,0.571725
2,748,0.34079,0.322632
2,752,0.368382,0.390526
2,756,0.309471,0.390628
2,764,0.350485,0.438926
2,765,0.371365,0.343888
2,771,0.527219,0.515172
2,772,0.566741,0.545652
2,780,0.415362,0.38355
2,782,0.442207,0.45647
2,787,0.505593,0.541241
2,788,0.63833,0.534238
2,798,0.411633,0.371001
2,800,0.401939,0.436585
2,802,0.315436,0.452786
2,819,0.351976,0.42892
2,831,0.729306,0.685371
2,834,0.593587,0.457166
2,836,0.326622,0.260971
2,855,0.489933,0.584079
2,856,0.457122,0.528013
2,857,0.551827,0.513605
2,859,0.504101,0.45374
2,861,0.278896,0.236835
2,862,0.395227,0.521119
2,869,0.646532,0.618952
2,874,0.284116,0.409304
2,879,0.477256,0.44657
2,886,0.722595,0.568634
2,891,0.651007,0.439128
2,892,0.578673,0.463531
2,893,0.567487,0.333953
2,906,0.521253,0.524173
2,913,0.736764,0.549276
2,915,0.914989,0.662752
2,923,0.521253,0.524982
2,929,0.334825,0.452399
2,940,0.234154,0.448437
2,941,0.423564,0.39611
2,952,0.513796,0.451954
2,961,0.694258,0.669129
2,963,0.640567,0.671086
2,964,0.599553,0.615016
2,973,0.473527,0.449397
2,974,0.723341,0.39615
2,976,0.741238,0.54341
2,978,0.842655,0.666417
2,981,0.550336,0.453208
2,985,0.566741,0.649267
2,986,0.640567,0.592322
2,988,0.563758,0.672994
2,993,0.779269,0.681794
2,1004,0.326622,0.376877
2,1005,0.510813,0.536028
2,1010,0.595824,0.575645
2,1017,0.423564,0.266207
2,1025,0.585384,0.531094
2,1033,0.649515,0.564783
2,1036,0.761372,0.692188
2,1053,0.835943,0.450382
2,1054,0.768084,0.690492
2,1056,0.503356,0.425565
2,1058,0.632364,0.650651
2,1061,0.633855,0.587607
2,1064,0.694258,0.429755
2,1067,0.482476,0.259953
2,1068,0.546607,0.278757
2,1071,0.493661,0.416038
2,1073,0.640567,0.588839
2,1078,0.839672,0.650708
2,1080,0.54437,0.474571
2,1085,0.803878,0.532789
2,1090,0.584638,0.575261
2,1100,0.828486,0.642545
2,1103,0.642058,0.550943
2,1104,0.707681,0.565904
2,1105,0.290082,0.255395
2,1106,0.823266,0.59433
2,1110,0.833706,0.670881
2,1121,0.820283,0.655785
2,1125,0.569724,0.503669
2,1127,0.621924,0.395853
2,1128,0.416107,0.326865
2,1137,0.56003,0.435085
2,1146,0.422819,0.644798
2,1161,0.417599,0.416736
2,1165,0.50783,0.556149
2,1173,0.550336,0.664791
2,1175,0.551081,0.577362
2,1177,0.580164,0.604809
2,1178,0.655481,0.605946
2,1189,0.615213,0.453663
2,1190,0.609993,0.473586
2,1196,0.639075,0.554313
2,1207,0.605518,0.694445
2,1220,0.568978,0.509123
2,1221,0.585384,0.526905
2,1225,0.616704,0.647738
2,1228,0.604027,0.588189
2,1229,0.542878,0.642071
2,1231,0.498881,0.506768
2,1232,0.556301,0.509326
2,1234,0.418345,0.336548
2,1237,0.40865,0.454541
2,1241,0.410887,0.527177
2,1244,0.606264,0.641185
2,1247,0.662938,0.632917
2,1251,0.38777,0.389739
2,1255,0.50261,0.325967
2,1258,0.333333,0.256439
2,1259,0.34601,0.385289
2,1266,0.354213,0.309861
2,1270,0.296048,0.463232
2,1285,0.251305,0.33667
2,1287,0.460104,0.532521
2,1288,0.240865,0.437149
2,1289,0.457867,0.559924
2,1290,0.483967,0.508057
2,1292,0.53915,0.555455
2,1293,0.542878,0.644542
2,1298,0.249814,0.43099
2,1302,0.49217,0.412052
2,1315,0.48173,0.504614
2,1316,0.493661,0.374073
2,1320,0.451156,0.336829
2,1321,0.600298,0.636005
2,1333,0.45563,0.473785
2,1340,0.327368,0.384764
2,1347,0.58091,0.623329
2,1349,0.52349,0.539666
2,1352,0.437733,0.448783
2,1355,0.64355,0.679399
2,1356,0.463833,0.360859
2,1364,0.565996,0.643085
2,1366,0.700969,0.616091
2,1374,0.592841,0.509002
2,1375,0.477256,0.603948
2,1377,0.275168,0.410849
2,1378,0.618941,0.680573
2,1381,0.716629,0.628742
2,1386,0.374348,0.330373
2,1405,0.703207,0.634912
2,1412,0.640567,0.699564
2,1413,0.542133,0.594788
2,1418,0.727069,0.634475
2,1427,0.487696,0.406829
2,1436,0.477256,0.523715
2,1447,0.410142,0.427418
2,1452,0.557793,0.65827
2,1454,0.633855,0.564142
2,1472,0.529456,0.560382
2,1476,0.646532,0.619227
2,1477,0.769575,0.587799
2,1483,0.487696,0.531542
2,1488,0.649515,0.581001
2,1491,0.445936,0.391776
2,1493,0.419836,0.525943
2,1499,0.547353,0.419867
2,1511,0.621924,0.454638
2,1517,0.519761,0.436081
2,1518,0.547353,0.530593
2,1523,0.438479,0.467784
2,1547,0.651752,0.657627
2,1556,0.671887,0.604882
2,1567,0.704698,0.689835
2,1573,0.66965,0.597065
2,1576,0.365399,0.552628
2,1584,0.686801,0.704374
2,1596,0.470544,0.507322
2,1598,0.425802,0.492619
2,1613,0.436987,0.435512
2,1615,0.401193,0.470985
2,1619,0.63833,0.61162
2,1628,0.624161,0.320105
2,1640,0.542878,0.279884
2,1641,0.710664,0.496613
2,1644,0.640567,0.505923
2,1645,0.682327,0.51984
2,1653,0.540641,0.465564
2,1658,0.299776,0.514755
2,1660,0.464579,0.40893
2,1662,0.57047,0.491357
2,1665,0.504847,0.48865
2,1667,0.378076,0.476901
2,1668,0.605518,0.436868
2,1672,0.54959,0.501095
2,1684,0.362416,0.392111
2,1688,0.637584,0.590393
2,1692,0.636838,0.464055
2,1709,0.680835,0.667295
2,1710,0.524236,0.563203
2,1711,0.630127,0.606586
2,1726,0.468307,0.529779
2,1740,0.491424,0.394413
2,1748,0.354959,0.630816
2,1750,0.52349,0.548619
2,1754,0.263236,0.517792
2,1756,0.760626,0.575567
2,1763,0.251305,0.528046
2,1765,0.246831,0.477582
2,1766,0.539896,0.506059
2,1786,0.658464,0.547519
2,1788,0.636838,0.674948
2,1795,0.674124,0.393147
2,1804,0.339299,0.473756
2,1822,0.793438,0.670388
2,1828,0.586875,0.449276
2,1829,0.470544,0.444575
2,1837,0.618195,0.549275
2,1838,0.604027,0.439025
2,1849,0.483221,0.376249
2,1851,0.706935,0.601023
2,1852,0.628635,0.735338
2,1857,0.390753,0.292255
2,1861,0.328113,0.536858
2,1864,0.235645,0.363126
2,1866,0.365399,0.407201
2,1867,0.607755,0.575223
2,1871,0.548844,0.507025
2,1876,0.113348,0.42151
2,1883,0.294556,0.315273
2,1885,0.54959,0.556229
2,1886,0.303505,0.504269
2,1889,0.621924,0.483114
2,1892,0.572707,0.619045
2,1893,0.574198,0.56498
2,1894,0.329605,0.382449
2,1900,0.834452,0.653933
2,1905,0.853095,0.699588
2,1924,0.679344,0.558351
2,1927,0.666667,0.575115
2,1933,0.391499,0.448173
2,1936,0.674869,0.657412
2,1938,0.312453,0.286376
2,1940,0.56525,0.522321
2,1942,0.809098,0.666998
2,1948,0.378822,0.452508
2,1952,0.751678,0.614037
2,1964,0.725578,0.604891
2,1966,0.785235,0.691218
2,1970,0.765846,0.675091
2,1971,0.715138,0.483845
2,1977,0.782998,0.606914
2,1985,0.857569,0.659944
2,1991,0.354213,0.305403
2,1992,0.700969,0.462813
2,1994,0.642058,0.519631
2,1996,0.857569,0.546186
2,1997,0.836689,0.700838
2,2005,0.621924,0.640632
2,2007,0.618941,0.535338
2,2011,0.166294,0.313928
2,2012,0.284862,0.573766
2,2017,0.805369,0.571519
2,2020,0.975392,0.704017
2,2021,0.820283,0.636226
2,2028,0.866518,0.583089
2,2033,0.776286,0.692041
2,2042,0.618941,0.532439
2,2043,0.538404,0.420466
2,2045,0.49217,0.418169
2,2054,0.482476,0.324634
2,2059,0.51305,0.46513
2,2060,0.391499,0.440538
2,2066,0.486204,0.342307
2,2070,0.376585,0.477626
2,2071,0.386279,0.457943
2,2077,0.48173,0.453465
2,2083,0.376585,0.384838
2,2093,0.562267,0.617468
2,2097,0.558538,0.511555
2,2100,0.538404,0.363777
2,2107,0.621178,0.475219
2,2111,0.379567,0.449416
2,2113,0.512304,0.555106
2,2115,0.614467,0.485668
2,2117,0.579418,0.457281
2,2122,0.452647,0.554259
2,2129,0.562267,0.397087
2,2134,0.631618,0.509136
2,2137,0.34601,0.472343
2,2138,0.574944,0.433051
2,2141,0.384042,0.347016
2,2148,0.395227,0.419226
2,2151,0.428784,0.450866
2,2152,0.621178,0.519899
2,2153,0.609247,0.538831
2,2159,0.680835,0.683054
2,2161,0.306488,0.312606
2,2165,0.525727,0.352516
2,2171,0.615958,0.502243
2,2180,0.662192,0.53831
2,2196,0.674869,0.654022
2,2198,0.668158,0.595872
2,2204,0.702461,0.566681
2,2209,0.58613,0.476346
2,2220,0.45563,0.57762
2,2221,0.472036,0.45535
2,2234,0.472782,0.540964
2,2238,0.554064,0.578131
2,2245,0.654735,0.507904
2,2246,0.573453,0.462013
2,2252,0.648024,0.530599
2,2256,0.601044,0.461897
2,2258,0.603281,0.455189
2,2268,0.630127,0.461557
2,2275,0.701715,0.554404
2,2276,0.598061,0.554072
2,2277,0.693512,0.452514
2,2279,0.490679,0.496039
2,2283,0.557793,0.328743
2,2285,0.100671,0.266466
2,2289,0.33035,0.327902
2,2291,0.759135,0.700481
2,2302,0.557047,0.584799
2,2316,0.287099,0.491481
2,2321,0.730798,0.550907
2,2340,0.374348,0.343863
2,2347,0.40343,0.565726
2,2350,0.52349,0.418923
2,2354,0.651007,0.563425
3,3,0.271439,0.322442
3,5,0.329605,0.494464
3,6,0.328859,0.441971
3,10,0.41387,0.564106
3,12,0.328113,0.442184
3,14,0.565996,0.570851
3,15,0.465324,0.366945
3,17,0.63311,0.691626
3,26,0.411633,0.430226
3,31,0.609247,0.633852
3,41,0.536913,0.507983
3,43,0.35123,0.388029
3,54,0.562267,0.641131
3,58,0.615213,0.364821
3,72,0.385533,0.612789
3,81,0.320656,0.405555
3,86,0.421327,0.503377
3,88,0.618195,0.627474
3,101,0.538404,0.50557
3,107,0.187174,0.276089
3,112,0.381059,0.50972
3,113,0.222222,0.548674
3,126,0.611484,0.631584
3,129,0.331842,0.386372
3,131,0.714392,0.635973
3,136,0.716629,0.640518
3,138,0.201342,0.483096
3,139,0.478747,0.662927
3,140,0.228188,0.362342
3,142,0.686055,0.673068
3,147,0.414616,0.331877
3,148,0.322893,0.393968
3,150,0.590604,0.503448
3,151,0.709918,0.664044
3,155,0.238628,0.431745
3,156,0.568233,0.515258
3,158,0.363908,0.418541
3,164,0.618941,0.591374
3,167,0.704698,0.595081
3,171,0.744966,0.611728
3,181,0.362416,0.356995
3,187,0.448919,0.396263
3,193,0.492916,0.483108
3,195,0.658464,0.687798
3,199,0.747949,0.42537
3,214,0.624907,0.695559
3,215,0.577927,0.62034
3,222,0.37211,0.462707
3,224,0.554064,0.716734
3,228,0.453393,0.560767
3,236,0.64355,0.708173
3,242,0.473527,0.556787
3,243,0.517524,0.552658
3,258,0.53915,0.655367
3,260,0.348248,0.471095
3,269,0.410142,0.526359
3,272,0.378822,0.315303
3,274,0.542878,0.679384
3,276,0.571961,0.445997
3,285,0.571216,0.675491
3,287,0.504101,0.33603
3,288,0.478002,0.31773
3,295,0.470544,0.463626
3,312,0.46607,0.319916
3,319,0.609247,0.69004
3,320,0.550336,0.520528
3,323,0.521253,0.301797
3,325,0.381059,0.199386
3,326,0.634601,0.59073
3,327,0.651007,0.686964
3,328,0.513796,0.379455
3,329,0.565996,0.502538
3,333,0.428784,0.38523
3,334,0.439224,0.438727
3,341,0.535421,0.569418
3,346,0.521253,0.428939
3,355,0.310962,0.402486
3,370,0.49739,0.524014
3,371,0.594333,0.524113
3,375,0.486204,0.577418
3,385,0.530201,0.53541
3,390,0.418345,0.351497
3,401,0.53915,0.618017
3,405,0.597315,0.553068
3,419,0.56525,0.566743
3,421,0.56525,0.38537
3,428,0.51827,0.458512
3,442,0.38255,0.407903
3,451,0.439224,0.396313
3,465,0.491424,0.675842
3,467,0.360179,0.300638
3,468,0.436242,0.520266
3,476,0.218494,0.335832
3,477,0.217748,0.437194
3,481,0.540641,0.693356
3,489,0.651007,0.688909
3,490,0.551081,0.557229
3,493,0.56525,0.459109
3,497,0.451156,0.407967
3,503,0.475019,0.460961
3,513,0.572707,0.598865
3,516,0.451902,0.492873
3,518,0.45563,0.508343
3,520,0.304996,0.493347
3,531,0.506339,0.536651
3,542,0.534676,0.443776
3,547,0.290828,0.513729
3,549,0.453393,0.567398
3,551,0.538404,0.482211
3,553,0.42953,0.515345
3,558,0.34601,0.341268
3,560,0.46607,0.459499
3,566,0.469799,0.548914
3,570,0.51827,0.640272
3,573,0.470544,0.528804
3,578,0.46607,0.585765
3,589,0.343028,0.399629
3,591,0.287099,0.338244
3,592,0.316182,0.436779
3,593,0.557047,0.610114
3,597,0.453393,0.665024
3,609,0.38255,0.669275
3,614,0.37211,0.563387
3,615,0.600298,0.618946
3,619,0.419836,0.31226
3,626,0.40343,0.476573
3,628,0.47651,0.641656
3,631,0.457122,0.595627
3,645,0.41909,0.593288
3,653,0.385533,0.366311
3,654,0.391499,0.572059
3,660,0.442953,0.259237
3,661,0.425056,0.309693
3,664,0.373602,0.43967
3,669,0.671141,0.656271
3,682,0.505593,0.451594
3,687,0.364653,0.509641
3,692,0.55481,0.4544
3,701,0.35645,0.538121
3,706,0.588367,0.689976
3,710,0.665175,0.643377
3,711,0.559284,0.582657
3,712,0.401939,0.468454
3,714,0.43997,0.596499
3,720,0.687547,0.678929
3,722,0.615213,0.563218
3,723,0.581656,0.606563
3,724,0.390753,0.469391
3,730,0.409396,0.331099
3,743,0.636838,0.528122
3,745,0.614467,0.511231
3,754,0.431767,0.651932
3,757,0.320656,0.419156
3,774,0.33035,0.374187
3,776,0.533184,0.499932
3,777,0.526473,0.493188
3,778,0.294556,0.306035
3,781,0.473527,0.468027
3,799,0.301268,0.41559
3,806,0.187919,0.41997
3,812,0.266219,0.300259
3,813,0.310216,0.348037
3,816,0.427293,0.607269
3,818,0.495153,0.511384
3,820,0.460104,0.477615
3,824,0.45563,0.51864
3,827,0.446682,0.512009
3,832,0.636838,0.460121
3,839,0.609993,0.631604
3,842,0.448173,0.321989
3,843,0.372856,0.343873
3,844,0.670395,0.685663
3,846,0.515287,0.544881
3,864,0.32513,0.413383
3,865,0.341536,0.468458
3,871,0.400447,0.342524
3,887,0.667412,0.563217
3,897,0.693512,0.624411
3,898,0.64355,0.651847
3,901,0.604027,0.614973
3,904,0.262491,0.406171
3,905,0.451156,0.388337
3,909,0.460104,0.49729
3,910,0.506339,0.616768
3,914,0.790455,0.622445
3,917,0.87472,0.716598
3,921,0.373602,0.537214
3,922,0.839672,0.598592
3,936,0.498881,0.631819
3,938,0.324385,0.563376
3,939,0.715884,0.512656
3,943,0.240119,0.425229
3,946,0.494407,0.405383
3,950,0.322893,0.473847
3,951,0.644295,0.633649
3,966,0.757644,0.688131
3,968,0.685309,0.60115
3,982,0.724087,0.648229
3,984,0.708427,0.555323
3,987,0.850112,0.632241
3,990,0.680089,0.565326
3,997,0.632364,0.403974
3,1001,0.489187,0.410294
3,1002,0.451156,0.288289
3,1003,0.63311,0.48914
3,1006,0.397465,0.584207
3,1007,0.536167,0.345591
3,1009,0.559284,0.630211
3,1013,0.711409,0.607959
3,1018,0.796421,0.685953
3,1022,0.421327,0.377159
3,1029,0.670395,0.631279
3,1040,0.56525,0.506195
3,1052,0.818792,0.619653
3,1057,0.695004,0.394637
3,1063,0.811335,0.576809
3,1072,0.720358,0.664041
3,1086,0.703952,0.523341
3,1087,0.680089,0.460802
3,1107,0.85906,0.68888
3,1111,0.572707,0.390948
3,1117,0.513796,0.526655
3,1118,0.718867,0.608555
3,1120,0.740492,0.629468
3,1157,0.681581,0.697093
3,1160,0.541387,0.684829
3,1164,0.626398,0.522864
3,1182,0.686801,0.661721
3,1185,0.504101,0.589243
3,1187,0.49739,0.501402
3,1195,0.472036,0.676822
3,1199,0.42953,0.413086
3,1202,0.427293,0.364304
3,1204,0.649515,0.684697
3,1210,0.558538,0.640008
3,1216,0.668904,0.640729
3,1222,0.59135,0.673066
3,1226,0.51827,0.586686
3,1233,0.520507,0.605549
3,1242,0.680835,0.677889
3,1248,0.341536,0.4273
3,1261,0.275914,0.428136
3,1264,0.660701,0.661531
3,1268,0.425056,0.470782
3,1269,0.321402,0.346337
3,1273,0.428039,0.437996
3,1278,0.572707,0.688
3,1281,0.461596,0.513823
3,1283,0.287845,0.63037
3,1299,0.360925,0.689587
3,1301,0.410142,0.618122
3,1307,0.315436,0.472783
3,1311,0.585384,0.655883
3,1313,0.260254,0.537088
3,1314,0.51827,0.593193
3,1317,0.533184,0.594772
3,1318,0.404176,0.565885
3,1319,0.369128,0.311896
3,1322,0.553318,0.498354
3,1323,0.635347,0.642788
3,1342,0.322148,0.37754
3,1345,0.255034,0.353712
3,1361,0.425802,0.49923
3,1362,0.601044,0.573552
3,1380,0.632364,0.532986
3,1387,0.40343,0.411032
3,1389,0.37733,0.388931
3,1393,0.465324,0.493436
3,1394,0.649515,0.642594
3,1395,0.490679,0.5154
3,1419,0.700224,0.63246
3,1421,0.536167,0.490068
3,1422,0.66965,0.685427
3,1429,0.405667,0.640278
3,1430,0.665921,0.624841
3,1441,0.267711,0.187312
3,1442,0.367636,0.682247
3,1446,0.65399,0.708053
3,1448,0.58613,0.684129
3,1449,0.566741,0.654592
3,1451,0.219985,0.379441
3,1453,0.706189,0.726992
3,1455,0.545116,0.63235
3,1456,0.547353,0.571927
3,1457,0.547353,0.521094
3,1459,0.459359,0.646618
3,1462,0.294556,0.452866
3,1465,0.62789,0.595557
3,1466,0.49217,0.646496
3,1467,0.586875,0.51606
3,1468,0.560776,0.646936
3,1487,0.662192,0.611724
3,1494,0.530201,0.438791
3,1501,0.689038,0.710179
3,1502,0.255779,0.459191
3,1505,0.536913,0.600145
3,1509,0.563758,0.689807
3,1510,0.365399,0.483482
3,1513,0.557047,0.595563
3,1514,0.525727,0.42681
3,1525,0.214019,0.402039
3,1526,0.284862,0.367751
3,1537,0.501119,0.657486
3,1550,0.607755,0.635132
3,1552,0.267711,0.447683
3,1560,0.516033,0.571322
3,1563,0.411633,0.371839
3,1564,0.347502,0.274461
3,1569,0.627144,0.643603
3,1572,0.533184,0.518867
3,1575,0.579418,0.671824
3,1578,0.671141,0.677164
3,1580,0.668904,0.656221
3,1582,0.532438,0.616646
3,1583,0.652498,0.622145
3,1586,0.673378,0.462406
3,1590,0.423564,0.425006
3,1593,0.618195,0.425299
3,1594,0.666667,0.646776
3,1601,0.39299,0.418818
3,1606,0.718121,0.69468
3,1607,0.289336,0.416965
3,1610,0.454139,0.446895
3,1618,0.710664,0.632166
3,1621,0.715884,0.573739
3,1622,0.678598,0.647119
3,1633,0.398956,0.593277
3,1642,0.692021,0.580813
3,1652,0.493661,0.468265
3,1657,0.609247,0.488576
3,1673,0.266965,0.388714
3,1681,0.363908,0.253406
3,1697,0.60701,0.421903
3,1706,0.49739,0.538165
3,1723,0.542133,0.705528
3,1730,0.739746,0.701806
3,1741,0.320656,0.393091
3,1742,0.378822,0.491086
3,1749,0.375093,0.529219
3,1761,0.538404,0.486265
3,1762,0.263982,0.292314
3,1767,0.610738,0.476338
3,1770,0.516779,0.285046
3,1772,0.594333,0.637089
3,1775,0.146905,0.414305
3,1778,0.493661,0.427701
3,1780,0.439224,0.508224
3,1783,0.466816,0.413404
3,1789,0.615213,0.523478
3,1792,0.46607,0.605129
3,1793,0.63833,0.447299
3,1800,0.614467,0.647072
3,1801,0.543624,0.671332
3,1807,0.578673,0.590325
3,1809,0.510813,0.530063
3,1811,0.340045,0.346821
3,1812,0.714392,0.650794
3,1813,0.498881,0.438196
3,1817,0.432513,0.475984
3,1818,0.740492,0.614733
3,1824,0.639821,0.664206
3,1826,0.594333,0.612152
3,1832,0.558538,0.376454
3,1833,0.454139,0.373337
3,1834,0.545861,0.39714
3,1835,0.536913,0.512586
3,1836,0.682327,0.566368
3,1839,0.412379,0.323584
3,1845,0.569724,0.492669
3,1847,0.319165,0.371605
3,1856,0.593587,0.605365
3,1869,0.372856,0.530483
3,1870,0.598061,0.613062
3,1874,0.440716,0.501471
3,1877,0.472782,0.543532
3,1882,0.40343,0.429011
3,1896,0.430276,0.327928
3,1901,0.692767,0.526737
3,1903,0.407905,0.676054
3,1904,0.859806,0.688918
3,1909,0.781506,0.659622
3,1910,0.868009,0.688181
3,1911,0.742729,0.621672
3,1913,0.550336,0.560359
3,1918,0.308725,0.466327
3,1925,0.545116,0.469177
3,1932,0.604773,0.648277
3,1935,0.243102,0.341414
3,1937,0.470544,0.524487
3,1941,0.758389,0.622289
3,1944,0.537658,0.548393
3,1945,0.672632,0.638777
3,1946,0.510813,0.561037
3,1949,0.082028,0.293765
3,1951,0.440716,0.455522
3,1953,0.400447,0.431867
3,1954,0.668904,0.523824
3,1958,0.0783,0.467612
3,1961,0.702461,0.675736
3,1968,0.563013,0.545374
3,1973,0.721104,0.621343
3,1987,0.680835,0.621376
3,1993,0.457122,0.463268
3,2001,0.401193,0.55232
3,2003,0.727069,0.501401
3,2008,0.240865,0.473082
3,2018,0.941089,0.676177
3,2019,0.820283,0.67819
3,2030,1.0,0.604725
3,2037,0.683072,0.563813
3,2048,0.479493,0.469695
3,2055,0.559284,0.469286
3,2057,0.602535,0.438318
3,2058,0.493661,0.404698
3,2075,0.49217,0.292665
3,2076,0.479493,0.382827
3,2084,0.38255,0.412567
3,2089,0.482476,0.490907
3,2090,0.578673,0.495664
3,2092,0.442953,0.362607
3,2095,0.498136,0.450413
3,2096,0.40865,0.396942
3,2099,0.649515,0.541228
3,2104,0.587621,0.491711
3,2114,0.696495,0.654535
3,2121,0.473527,0.451985
3,2123,0.411633,0.362114
3,2142,0.386279,0.326488
3,2144,0.449664,0.564419
3,2158,0.618941,0.537749
3,2163,0.583893,0.523454
3,2170,0.48173,0.43096
3,2172,0.500373,0.439039
3,2175,0.52871,0.508556
3,2179,0.66443,0.48615
3,2183,0.759135,0.586167
3,2186,0.50783,0.3573
3,2192,0.393736,0.305399
3,2193,0.651752,0.399691
3,2194,0.612975,0.382102
3,2197,0.581656,0.524202
3,2212,0.338553,0.337821
3,2216,0.313199,0.591542
3,2218,0.41387,0.640455
3,2219,0.213274,0.491558
3,2222,0.535421,0.461622
3,2223,0.344519,0.539764
3,2227,0.564504,0.488091
3,2229,0.618941,0.576634
3,2237,0.304996,0.408879
3,2242,0.698732,0.55735
3,2260,0.34601,0.564884
3,2267,0.635347,0.655438
3,2272,0.504847,0.382128
3,2273,0.506339,0.559485
3,2284,0.681581,0.483027
3,2288,0.50261,0.646304
3,2304,0.187174,0.337414
3,2305,0.483967,0.447671
3,2311,0.618195,0.666908
3,2320,0.641312,0.637077
3,2323,0.574944,0.545114
3,2328,0.249068,0.42565
3,2329,0.277405,0.520893
3,2334,0.674869,0.678452
3,2335,0.249068,0.480557
3,2336,0.494407,0.611179
3,2337,0.593587,0.678856
3,2346,0.637584,0.564623
3,2348,0.556301,0.577787
3,2349,0.542878,0.627027
3,2356,0.666667,0.467122
4,0,0.344519,0.376045
4,7,0.32513,0.289867
4,9,0.381059,0.45772
4,24,0.290082,0.464176
4,27,0.576436,0.53803
4,28,0.527219,0.589296
4,33,0.561521,0.593879
4,36,0.315436,0.386592
4,38,0.649515,0.598027
4,40,0.61223,0.626583
4,42,0.64355,0.630381
4,47,0.64877,0.571776
4,52,0.615213,0.499394
4,55,0.618941,0.559929
4,57,0.459359,0.50541
4,60,0.599553,0.537271
4,61,0.53915,0.55767
4,62,0.44519,0.491443
4,66,0.589113,0.548776
4,68,0.514541,0.361694
4,74,0.199851,0.30114
4,75,0.190157,0.26386
4,77,0.43997,0.51263
4,79,0.390753,0.380846
4,80,0.39821,0.450423
4,82,0.435496,0.552975
4,85,0.554064,0.580655
4,90,0.592095,0.506334
4,92,0.342282,0.401169
4,94,0.521999,0.594862
4,97,0.315436,0.35865
4,102,0.431022,0.463659
4,104,0.293065,0.370069
4,106,0.329605,0.286716
4,108,0.273676,0.62597
4,110,0.334825,0.405234
4,117,0.551827,0.555362
4,125,0.689038,0.642473
4,132,0.314691,0.412752
4,133,0.709918,0.578909
4,137,0.175988,0.296083
4,143,0.668904,0.652098
4,144,0.630127,0.578549
4,145,0.673378,0.651249
4,165,0.603281,0.494949
4,166,0.480239,0.511029
4,169,0.653244,0.479419
4,172,0.633855,0.583757
4,176,0.413125,0.4047
4,183,0.478002,0.531654
4,191,0.676361,0.566191
4,204,0.36689,0.44895
4,213,0.599553,0.631029
4,216,0.56003,0.486636
4,223,0.542133,0.561012
4,227,0.465324,0.564737
4,232,0.623415,0.562489
4,234,0.627144,0.648854
4,235,0.483221,0.429429
4,238,0.372856,0.399187
4,248,0.473527,0.452288
4,249,0.630872,0.666561
4,255,0.615213,0.536494
4,264,0.589113,0.652342
4,267,0.630872,0.562882
4,278,0.339299,0.470764
4,280,0.634601,0.562946
4,302,0.598061,0.556131
4,314,0.594333,0.598087
4,336,0.574198,0.547811
4,338,0.59135,0.525983
4,345,0.534676,0.41951
4,347,0.385533,0.411758
4,349,0.454884,0.448232
4,357,0.639075,0.56372
4,359,0.401193,0.407572
4,362,0.322893,0.371786
4,364,0.46085,0.628383
4,372,0.431767,0.520072
4,373,0.396719,0.493418
4,384,0.536167,0.591929
4,386,0.467562,0.510954
4,388,0.739001,0.567706
4,389,0.485459,0.365996
4,395,0.507084,0.46931
4,404,0.314691,0.42243
4,412,0.527219,0.556251
4,424,0.665921,0.545959
4,434,0.094705,0.347317
4,437,0.38777,0.329826
4,444,0.0,0.416982
4,446,0.368382,0.253544
4,448,0.42953,0.266601
4,449,0.420582,0.337289
4,454,0.443699,0.351479
4,456,0.162565,0.360278
4,460,0.558538,0.489535
4,470,0.504847,0.479793
4,475,0.492916,0.496731
4,484,0.536913,0.530679
4,491,0.47651,0.566206
4,499,0.485459,0.390189
4,501,0.629381,0.563473
4,504,0.494407,0.589344
4,510,0.312453,0.539141
4,517,0.312453,0.346823
4,523,0.525727,0.382489
4,525,0.407905,0.447804
4,533,0.386279,0.555285
4,536,0.435496,0.593665
4,539,0.278896,0.375842
4,541,0.37733,0.42357
4,545,0.214765,0.439389
4,568,0.496644,0.596714
4,577,0.499627,0.615691
4,587,0.415362,0.587149
4,594,0.560776,0.52266
4,595,0.493661,0.549219
4,603,0.399702,0.488467
4,612,0.185682,0.295523
4,622,0.416853,0.552168
4,624,0.56525,0.593845
4,638,0.276659,0.469926
4,644,0.496644,0.485606
4,652,0.61745,0.614562
4,657,0.39299,0.657391
4,662,0.545116,0.582478
4,665,0.488441,0.43927
4,666,0.621924,0.639101
4,667,0.491424,0.574714
4,671,0.605518,0.525039
4,673,0.592095,0.550172
4,675,0.437733,0.482237
4,676,0.561521,0.468853
4,688,0.662192,0.581749
4,691,0.674124,0.581998
4,697,0.525727,0.602766
4,708,0.440716,0.349801
4,713,0.644295,0.515972
4,716,0.486204,0.482982
4,717,0.651007,0.631225
4,718,0.374348,0.342051
4,725,0.537658,0.516086
4,728,0.340045,0.38019
4,731,0.625652,0.537995
4,732,0.541387,0.539502
4,734,0.438479,0.528681
4,735,0.257271,0.504538
4,737,0.629381,0.634371
4,738,0.609993,0.596309
4,739,0.410142,0.358854
4,749,0.319165,0.428563
4,750,0.33557,0.400512
4,751,0.328113,0.239889
4,758,0.271439,0.362147
4,760,0.313199,0.385738
4,762,0.522744,0.465358
4,770,0.580164,0.643188
4,783,0.637584,0.556041
4,793,0.683818,0.638636
4,794,0.607755,0.577937
4,796,0.364653,0.431451
4,803,0.436242,0.531855
4,805,0.272185,0.394069
4,811,0.402685,0.512841
4,814,0.252796,0.418126
4,823,0.661447,0.518973
4,826,0.466816,0.503248
4,828,0.384787,0.338543
4,847,0.359433,0.471081
4,850,0.668158,0.533559
4,852,0.580164,0.5776
4,858,0.531693,0.517212
4,868,0.709918,0.592457
4,872,0.630872,0.569589
4,875,0.390007,0.469605
4,882,0.369128,0.378173
4,884,0.54959,0.486064
4,885,0.46607,0.414925
4,890,0.799403,0.591661
4,894,0.550336,0.496121
4,899,0.798658,0.608497
4,908,0.401193,0.399033
4,912,0.42431,0.519256
4,918,0.744966,0.485851
4,919,0.464579,0.607829
4,924,0.765101,0.645312
4,928,0.460104,0.454667
4,933,0.854586,0.560499
4,934,0.713647,0.481611
4,945,0.62267,0.528031
4,947,0.536167,0.547372
4,953,0.53915,0.52411
4,958,0.739001,0.613135
4,967,0.790455,0.604611
4,970,0.618941,0.666047
4,977,0.640567,0.482725
4,983,0.577927,0.457883
4,989,0.62267,0.583808
4,1019,0.815063,0.549381
4,1024,0.651752,0.612678
4,1026,0.850858,0.58993
4,1030,0.689784,0.475577
4,1031,0.557047,0.516259
4,1032,0.428039,0.468515
4,1035,0.53393,0.524356
4,1042,0.677107,0.506569
4,1046,0.774795,0.61704
4,1048,0.661447,0.583032
4,1049,0.721104,0.534453
4,1062,0.90604,0.580603
4,1065,0.600298,0.509042
4,1074,0.717375,0.551276
4,1079,0.807606,0.567444
4,1088,0.769575,0.669797
4,1093,0.60701,0.574685
4,1096,0.656227,0.286472
4,1097,0.62267,0.339651
4,1098,0.716629,0.331219
4,1101,0.581656,0.481413
4,1108,0.740492,0.553133
4,1122,0.683072,0.574804
4,1140,0.661447,0.614582
4,1142,0.593587,0.657288
4,1144,0.405667,0.48269
4,1145,0.417599,0.531361
4,1149,0.525727,0.539675
4,1155,0.407905,0.506888
4,1156,0.557793,0.608521
4,1167,0.386279,0.434715
4,1168,0.357942,0.588988
4,1169,0.411633,0.309247
4,1172,0.691275,0.666979
4,1174,0.492916,0.484023
4,1186,0.507084,0.58688
4,1188,0.558538,0.589216
4,1197,0.649515,0.602787
4,1201,0.360925,0.4988
4,1205,0.437733,0.439004
4,1206,0.588367,0.524707
4,1209,0.41387,0.436266
4,1213,0.501864,0.620795
4,1214,0.566741,0.666069
4,1217,0.54437,0.495865
4,1224,0.50783,0.42087
4,1230,0.551081,0.535474
4,1235,0.487696,0.549599
4,1236,0.517524,0.529282
4,1239,0.354959,0.475324
4,1240,0.667412,0.575425
4,1250,0.385533,0.56277
4,1252,0.389262,0.480358
4,1253,0.348993,0.435283
4,1254,0.318419,0.384427
4,1256,0.453393,0.513609
4,1262,0.401939,0.513868
4,1265,0.571216,0.593108
4,1274,0.566741,0.555288
4,1280,0.425056,0.377447
4,1296,0.175988,0.411574
4,1305,0.263236,0.477052
4,1324,0.457122,0.39385
4,1326,0.550336,0.589728
4,1328,0.684564,0.579538
4,1329,0.710664,0.608144
4,1331,0.448919,0.486757
4,1335,0.627144,0.619981
4,1339,0.581656,0.532796
4,1343,0.478747,0.608253
4,1350,0.640567,0.567634
4,1353,0.473527,0.525577
4,1358,0.359433,0.548979
4,1365,0.393736,0.364337
4,1371,0.608501,0.629567
4,1384,0.650261,0.590476
4,1388,0.35123,0.438702
4,1392,0.35123,0.309199
4,1396,0.615958,0.656749
4,1397,0.658464,0.614669
4,1399,0.608501,0.587497
4,1407,0.700224,0.598441
4,1417,0.697241,0.387897
4,1424,0.354959,0.448576
4,1425,0.402685,0.362426
4,1426,0.585384,0.648332
4,1428,0.498881,0.433071
4,1431,0.642058,0.551485
4,1432,0.636092,0.579666
4,1433,0.307233,0.385822
4,1460,0.519016,0.583757
4,1464,0.631618,0.432577
4,1469,0.269202,0.422503
4,1471,0.653244,0.369447
4,1473,0.694258,0.648231
4,1474,0.509321,0.422593
4,1481,0.385533,0.521346
4,1489,0.677852,0.624924
4,1492,0.56525,0.619472
4,1503,0.422819,0.530138
4,1507,0.439224,0.549448
4,1519,0.316928,0.361853
4,1530,0.274422,0.55804
4,1531,0.510067,0.474667
4,1532,0.443699,0.517467
4,1536,0.38777,0.542766
4,1540,0.381059,0.463561
4,1542,0.466816,0.535195
4,1545,0.600298,0.493199
4,1548,0.315436,0.395824
4,1549,0.530947,0.418314
4,1554,0.520507,0.492733
4,1555,0.62789,0.606566
4,1557,0.239374,0.367596
4,1562,0.395227,0.564422
4,1566,0.709172,0.622789
4,1571,0.387025,0.389496
4,1574,0.350485,0.387395
4,1577,0.521999,0.493375
4,1581,0.469799,0.499227
4,1587,0.629381,0.631516
4,1588,0.627144,0.622246
4,1599,0.525727,0.498165
4,1609,0.61745,0.559451
4,1614,0.642058,0.659438
4,1616,0.446682,0.469943
4,1617,0.390007,0.402949
4,1620,0.630127,0.575546
4,1637,0.639821,0.522615
4,1646,0.697987,0.521039
4,1647,0.526473,0.506212
4,1650,0.324385,0.492261
4,1654,0.314691,0.355787
4,1656,0.641312,0.61445
4,1659,0.348248,0.491862
4,1669,0.245339,0.461442
4,1671,0.639075,0.469484
4,1675,0.676361,0.568747
4,1676,0.527964,0.373551
4,1680,0.598061,0.610179
4,1683,0.278151,0.29638
4,1694,0.472782,0.391026
4,1699,0.639821,0.542996
4,1702,0.721849,0.431023
4,1708,0.293065,0.584652
4,1712,0.639075,0.644033
4,1716,0.552573,0.55599
4,1718,0.362416,0.265866
4,1724,0.632364,0.573621
4,1725,0.371365,0.583053
4,1731,0.730798,0.650848
4,1732,0.780761,0.597612
4,1735,0.247576,0.548943
4,1746,0.498136,0.483788
4,1747,0.288591,0.421194
4,1753,0.467562,0.515498
4,1764,0.240119,0.486265
4,1771,0.407159,0.494718
4,1777,0.527964,0.485183
4,1779,0.383296,0.427974
4,1784,0.57047,0.520629
4,1803,0.511559,0.571821
4,1808,0.397465,0.301745
4,1814,0.392245,0.396855
4,1815,0.646532,0.509155
4,1820,0.513796,0.479429
4,1821,0.652498,0.445029
4,1827,0.65921,0.502265
4,1842,0.263236,0.400763
4,1844,0.515287,0.518148
4,1846,0.488441,0.456488
4,1848,0.504101,0.331783
4,1850,0.458613,0.302439
4,1854,0.561521,0.563946
4,1862,0.42953,0.580239
4,1872,0.418345,0.641214
4,1873,0.63311,0.641546
4,1875,0.259508,0.525747
4,1878,0.530947,0.573223
4,1879,0.297539,0.380955
4,1880,0.61223,0.650816
4,1891,0.475019,0.42273
4,1902,0.689784,0.568334
4,1912,0.60701,0.42301
4,1914,0.653244,0.545575
4,1917,0.472036,0.475437
4,1920,0.781506,0.579262
4,1922,0.399702,0.386171
4,1943,0.882923,0.533275
4,1947,0.269202,0.50292
4,1950,0.243102,0.385916
4,1957,0.62267,0.546083
4,1960,0.001491,0.253627
4,1962,0.759135,0.628238
4,1963,0.674869,0.579246
4,1967,0.470544,0.534201
4,1976,0.605518,0.658579
4,1978,0.797166,0.61102
4,1979,0.703207,0.591215
4,1983,0.89038,0.602191
4,1988,0.700224,0.627999
4,2000,0.766592,0.667532
4,2004,0.773304,0.608279
4,2009,0.821029,0.624339
4,2010,0.745712,0.54875
4,2014,0.34079,0.49327
4,2026,0.593587,0.374012
4,2031,0.49217,0.58986
4,2035,0.348993,0.526704
4,2036,0.679344,0.585889
4,2039,0.302013,0.502611
4,2040,0.245339,0.536415
4,2044,0.478747,0.472004
4,2050,0.401193,0.411227
4,2051,0.437733,0.359708
4,2052,0.457122,0.535736
4,2053,0.466816,0.382184
4,2063,0.451902,0.354624
4,2064,0.425802,0.353511
4,2067,0.266965,0.310477
4,2069,0.49217,0.29105
4,2078,0.630872,0.467724
4,2079,0.388516,0.235306
4,2086,0.376585,0.280165
4,2087,0.380313,0.396805
4,2102,0.392245,0.32361
4,2105,0.519761,0.348691
4,2110,0.331096,0.358665
4,2112,0.371365,0.424535
4,2124,0.600298,0.391356
4,2125,0.522744,0.319029
4,2131,0.589858,0.537302
4,2132,0.564504,0.420184
4,2140,0.440716,0.313875
4,2145,0.454884,0.315127
4,2155,0.728561,0.588004
4,2162,0.410887,0.531933
4,2166,0.583893,0.341949
4,2174,0.547353,0.425459
4,2176,0.552573,0.447957
4,2181,0.505593,0.398312
4,2185,0.609247,0.614786
4,2188,0.536913,0.471698
4,2191,0.448919,0.257008
4,2200,0.567487,0.533203
4,2202,0.694258,0.628649
4,2205,0.662192,0.545557
4,2206,0.642058,0.61085
4,2210,0.610738,0.605518
4,2215,0.239374,0.384492
4,2224,0.553318,0.573233
4,2228,0.295302,0.396052
4,2231,0.57569,0.48808
4,2240,0.52871,0.484
4,2241,0.42953,0.495428
4,2249,0.64877,0.565896
4,2250,0.501119,0.587308
4,2254,0.680835,0.642007
4,2255,0.689038,0.658784
4,2261,0.57569,0.487994
4,2266,0.727069,0.631093
4,2287,0.535421,0.530108
4,2292,0.590604,0.463161
4,2293,0.737509,0.62644
4,2299,0.456376,0.604136
4,2313,0.673378,0.587089
4,2317,0.276659,0.489901
4,2332,0.297539,0.290543
4,2338,0.662192,0.649478
4,2339,0.363162,0.414907
4,2343,0.313199,0.455683
4,2353,0.665175,0.584868
4,2357,0.53915,0.468088
5,1,0.286353,0.49741
5,4,0.389262,0.431288
5,11,0.407905,0.620396
5,16,0.639821,0.698881
5,19,0.400447,0.665632
5,21,0.510067,0.434656
5,22,0.548844,0.539813
5,34,0.623415,0.722875
5,35,0.566741,0.700723
5,46,0.63311,0.68497
5,50,0.62267,0.594683
5,64,0.661447,0.339769
5,89,0.271439,0.390441
5,93,0.508576,0.491803
5,95,0.173005,0.415737
5,98,0.606264,0.542341
5,103,0.541387,0.604805
5,114,0.445936,0.597193
5,116,0.310962,0.420833
5,119,0.479493,0.563679
5,122,0.33035,0.496106
5,127,0.465324,0.535364
5,130,0.421327,0.425988
5,146,0.747204,0.628016
5,153,0.726324,0.69762
5,154,0.42953,0.393621
5,159,0.55481,0.448496
5,160,0.521999,0.64101
5,161,0.621178,0.53923
5,180,0.728561,0.705533
5,186,0.56525,0.492272
5,189,0.636092,0.470889
5,190,0.707681,0.634382
5,197,0.245339,0.38921
5,200,0.756898,0.534381
5,201,0.654735,0.464442
5,202,0.57047,0.623039
5,206,0.616704,0.584861
5,217,0.532438,0.582695
5,225,0.607755,0.688366
5,241,0.348248,0.558996
5,245,0.466816,0.493153
5,246,0.54437,0.580153
5,253,0.579418,0.537531
5,257,0.475019,0.419736
5,262,0.582401,0.519917
5,268,0.62267,0.630379
5,284,0.456376,0.359274
5,293,0.491424,0.555925
5,301,0.574944,0.657132
5,317,0.46085,0.497384
5,330,0.616704,0.590001
5,335,0.571961,0.453114
5,337,0.489187,0.469231
5,340,0.524236,0.674709
5,356,0.442953,0.480449
5,369,0.509321,0.389674
5,378,0.565996,0.639779
5,379,0.454139,0.372733
5,391,0.590604,0.52284
5,392,0.443699,0.310045
5,396,0.416107,0.420416
5,397,0.48695,0.362714
5,399,0.757644,0.513983
5,400,0.630127,0.545288
5,403,0.57569,0.576679
5,417,0.487696,0.428401
5,418,0.530201,0.53996
5,431,0.420582,0.398179
5,441,0.550336,0.655131
5,452,0.448919,0.412169
5,455,0.266219,0.45293
5,459,0.537658,0.49279
5,466,0.507084,0.616355
5,469,0.512304,0.419457
5,473,0.36689,0.48232
5,474,0.45041,0.488518
5,487,0.52349,0.587218
5,488,0.207308,0.34488
5,492,0.577181,0.685139
5,496,0.326622,0.496646
5,498,0.398956,0.48057
5,502,0.164802,0.414829
5,512,0.407905,0.682332
5,515,0.331096,0.377165
5,521,0.60179,0.616751
5,524,0.342282,0.383478
5,537,0.420582,0.419433
5,540,0.498881,0.459219
5,546,0.47129,0.505733
5,550,0.509321,0.624049
5,559,0.54437,0.532507
5,562,0.370619,0.476564
5,563,0.52871,0.547007
5,569,0.405667,0.604598
5,574,0.348248,0.407426
5,580,0.490679,0.524663
5,586,0.357196,0.436522
5,600,0.378822,0.432577
5,604,0.372856,0.526163
5,606,0.506339,0.373689
5,608,0.504847,0.524412
5,616,0.618195,0.631519
5,623,0.428039,0.478138
5,625,0.407905,0.527408
5,627,0.45041,0.399969
5,633,0.464579,0.649328
5,635,0.280388,0.426515
5,639,0.603281,0.537044
5,640,0.577927,0.692278
5,641,0.574944,0.630364
5,646,0.630872,0.633773
5,648,0.447427,0.569838
5,655,0.678598,0.656952
5,656,0.554064,0.625907
5,658,0.238628,0.286389
5,659,0.480984,0.570216
5,663,0.61745,0.662701
5,681,0.692767,0.651315
5,683,0.624907,0.646642
5,684,0.667412,0.544951
5,689,0.388516,0.470447
5,690,0.536167,0.534782
5,696,0.640567,0.593962
5,698,0.566741,0.365099
5,699,0.597315,0.54398
5,702,0.381059,0.381269
5,703,0.444444,0.494459
5,709,0.604027,0.408928
5,726,0.665921,0.599518
5,740,0.363908,0.444769
5,747,0.426547,0.493908
5,753,0.436242,0.3527
5,761,0.40865,0.38809
5,763,0.410142,0.390309
5,766,0.39821,0.36579
5,768,0.298285,0.38805
5,769,0.419836,0.618188
5,773,0.517524,0.463187
5,775,0.36167,0.349899
5,779,0.293811,0.323272
5,784,0.390007,0.359416
5,789,0.405667,0.474286
5,790,0.334825,0.418037
5,791,0.235645,0.34475
5,795,0.407905,0.534963
5,797,0.345265,0.471236
5,801,0.402685,0.521017
5,804,0.37211,0.324546
5,815,0.395227,0.374007
5,822,0.32513,0.384448
5,825,0.412379,0.503945
5,830,0.803132,0.70247
5,833,0.40865,0.345652
5,835,0.436987,0.356053
5,837,0.600298,0.52124
5,848,0.553318,0.46345
5,851,0.579418,0.648627
5,853,0.558538,0.609423
5,854,0.618195,0.574138
5,860,0.483967,0.485549
5,863,0.677107,0.477432
5,866,0.380313,0.324674
5,870,0.530947,0.543534
5,876,0.52871,0.383363
5,877,0.384787,0.275649
5,878,0.520507,0.486041
5,880,0.414616,0.43913
5,883,0.595824,0.586221
5,895,0.658464,0.56406
5,896,0.515287,0.507134
5,911,0.57569,0.567519
5,920,0.806115,0.622442
5,935,0.906786,0.689512
5,954,0.584638,0.535716
5,955,0.556301,0.488686
5,956,0.587621,0.435959
5,957,0.662938,0.485884
5,959,0.560776,0.63351
5,960,0.794929,0.723957
5,969,0.488441,0.522133
5,971,0.805369,0.702968
5,972,0.598807,0.527853
5,975,0.753169,0.681144
5,980,0.709172,0.663232
5,991,0.750932,0.551523
5,992,0.39299,0.299758
5,995,0.36689,0.265272
5,996,0.85384,0.715789
5,1008,0.602535,0.581533
5,1011,0.716629,0.663346
5,1012,0.654735,0.424517
5,1015,0.755406,0.701884
5,1016,0.798658,0.665725
5,1020,0.748695,0.463962
5,1021,0.783744,0.528509
5,1028,0.592095,0.548666
5,1038,0.710664,0.616016
5,1039,0.47129,0.40072
5,1045,0.854586,0.578274
5,1051,0.616704,0.632745
5,1059,0.797912,0.60612
5,1060,0.777032,0.599915
5,1066,0.65921,0.458391
5,1069,0.478002,0.482895
5,1070,0.625652,0.632829
5,1076,0.587621,0.347405
5,1077,0.785981,0.603958
5,1081,0.775541,0.495574
5,1082,0.398956,0.378855
5,1092,0.557047,0.602002
5,1095,0.595824,0.52747
5,1099,0.727069,0.557221
5,1109,0.690529,0.548615
5,1115,0.862043,0.677418
5,1119,0.747949,0.605557
5,1123,0.715138,0.558886
5,1126,0.465324,0.446788
5,1129,0.566741,0.524038
5,1130,0.545116,0.590818
5,1136,0.41909,0.626882
5,1139,0.503356,0.58443
5,1141,0.561521,0.690059
5,1147,0.545116,0.625101
5,1148,0.375839,0.362995
5,1150,0.411633,0.494967
5,1152,0.454884,0.641487
5,1153,0.310962,0.538644
5,1154,0.214019,0.447497
5,1158,0.482476,0.551482
5,1162,0.419836,0.453202
5,1166,0.399702,0.466313
5,1180,0.651752,0.632579
5,1183,0.693512,0.709279
5,1184,0.670395,0.673743
5,1191,0.633855,0.479862
5,1203,0.590604,0.587249
5,1212,0.459359,0.467344
5,1215,0.605518,0.610046
5,1218,0.53915,0.484761
5,1219,0.539896,0.631975
5,1227,0.478747,0.636731
5,1238,0.553318,0.620562
5,1243,0.629381,0.571897
5,1246,0.657718,0.696841
5,1257,0.381805,0.462425
5,1260,0.48173,0.535681
5,1267,0.287099,0.345254
5,1275,0.482476,0.532628
5,1276,0.32513,0.309518
5,1277,0.37733,0.432865
5,1282,0.603281,0.705714
5,1291,0.606264,0.633846
5,1294,0.468307,0.520038
5,1295,0.400447,0.568622
5,1297,0.300522,0.40143
5,1300,0.512304,0.567627
5,1306,0.592095,0.649423
5,1308,0.385533,0.501451
5,1312,0.584638,0.479273
5,1325,0.516779,0.533948
5,1327,0.747949,0.627664
5,1346,0.225205,0.448817
5,1348,0.457122,0.679228
5,1354,0.404176,0.432179
5,1363,0.63833,0.630276
5,1367,0.699478,0.682605
5,1369,0.34601,0.524238
5,1373,0.686801,0.617856
5,1390,0.294556,0.298208
5,1400,0.583147,0.452925
5,1408,0.324385,0.263209
5,1409,0.420582,0.547876
5,1415,0.256525,0.449854
5,1416,0.777032,0.661198
5,1434,0.463087,0.473509
5,1438,0.281879,0.478594
5,1439,0.267711,0.359364
5,1440,0.243102,0.307841
5,1443,0.292319,0.536171
5,1445,0.516779,0.604245
5,1450,0.569724,0.524762
5,1458,0.373602,0.386388
5,1470,0.333333,0.356279
5,1478,0.302013,0.422525
5,1479,0.727069,0.71251
5,1482,0.621178,0.675966
5,1484,0.411633,0.543488
5,1485,0.581656,0.636266
5,1495,0.375093,0.285517
5,1496,0.35645,0.435155
5,1497,0.337062,0.432439
5,1498,0.641312,0.472133
5,1500,0.706935,0.693782
5,1504,0.516033,0.617185
5,1515,0.521253,0.523937
5,1516,0.492916,0.491739
5,1520,0.36689,0.416547
5,1522,0.378076,0.485811
5,1524,0.478747,0.433292
5,1527,0.42953,0.383022
5,1528,0.51305,0.654661
5,1529,0.373602,0.624688
5,1534,0.674869,0.632514
5,1568,0.587621,0.511522
5,1570,0.615958,0.707736
5,1579,0.611484,0.501101
5,1585,0.677852,0.600704
5,1589,0.62267,0.621275
5,1595,0.716629,0.663322
5,1597,0.57047,0.505434
5,1600,0.671141,0.709251
5,1603,0.662192,0.650291
5,1624,0.489187,0.424247
5,1625,0.60701,0.672672
5,1627,0.341536,0.543647
5,1630,0.272185,0.388291
5,1631,0.368382,0.410794
5,1634,0.532438,0.618485
5,1635,0.581656,0.582794
5,1636,0.464579,0.526235
5,1638,0.711409,0.586569
5,1643,0.703207,0.534203
5,1648,0.540641,0.429366
5,1649,0.637584,0.540197
5,1661,0.341536,0.402874
5,1663,0.533184,0.469684
5,1664,0.340045,0.35956
5,1678,0.630127,0.645105
5,1679,0.645041,0.666485
5,1682,0.254288,0.3215
5,1685,0.626398,0.610095
5,1686,0.589113,0.515283
5,1687,0.671141,0.550463
5,1693,0.707681,0.618039
5,1695,0.571961,0.566182
5,1696,0.677107,0.633151
5,1698,0.652498,0.415636
5,1704,0.777032,0.506328
5,1705,0.573453,0.448566
5,1707,0.404176,0.603074
5,1715,0.589858,0.628876
5,1722,0.404922,0.492885
5,1733,0.407905,0.657292
5,1734,0.578673,0.540932
5,1751,0.521253,0.419088
5,1757,0.49739,0.65897
5,1758,0.487696,0.417702
5,1759,0.564504,0.551524
5,1768,0.322148,0.397877
5,1773,0.519016,0.56671
5,1774,0.334825,0.475161
5,1781,0.265474,0.36859
5,1782,0.557793,0.497481
5,1785,0.615958,0.632887
5,1787,0.755406,0.676766
5,1794,0.656227,0.619979
5,1796,0.695749,0.609467
5,1799,0.46085,0.48725
5,1802,0.589858,0.626749
5,1806,0.607755,0.60414
5,1810,0.649515,0.476911
5,1816,0.50783,0.360159
5,1819,0.538404,0.479455
5,1823,0.641312,0.604019
5,1841,0.294556,0.419206
5,1843,0.446682,0.499794
5,1853,0.294556,0.297391
5,1858,0.348248,0.397054
5,1860,0.409396,0.337134
5,1863,0.527219,0.398305
5,1865,0.143177,0.319996
5,1881,0.344519,0.421775
5,1884,0.122297,0.207164
5,1890,0.677852,0.545699
5,1895,0.592095,0.512966
5,1899,0.736018,0.621454
5,1906,0.764355,0.559339
5,1908,0.411633,0.451756
5,1919,0.463833,0.430058
5,1923,0.251305,0.348989
5,1929,0.520507,0.576885
5,1930,0.489933,0.373334
5,1931,0.46085,0.571418
5,1955,0.252051,0.314374
5,1959,0.633855,0.578333
5,1969,0.741238,0.459087
5,1974,0.816555,0.596736
5,1981,0.910515,0.735333
5,1982,0.598061,0.679769
5,1986,0.775541,0.705876
5,1998,0.661447,0.409439
5,2006,0.865772,0.639959
5,2023,0.55481,0.443221
5,2027,0.211782,0.392872
5,2029,0.981357,0.675248
5,2038,0.594333,0.298205
5,2041,0.703952,0.388588
5,2046,0.506339,0.496955
5,2047,0.697987,0.499671
5,2049,0.378076,0.349491
5,2056,0.46085,0.395489
5,2061,0.530947,0.428068
5,2062,0.307979,0.407684
5,2065,0.193885,0.404837
5,2068,0.469053,0.414239
5,2074,0.480984,0.469879
5,2085,0.369873,0.447163
5,2088,0.404922,0.385909
5,2091,0.428784,0.358063
5,2101,0.479493,0.338503
5,2103,0.51827,0.508504
5,2109,0.51305,0.573302
5,2118,0.530201,0.381148
5,2130,0.642804,0.459582
5,2135,0.421327,0.439254
5,2136,0.470544,0.403055
5,2139,0.381059,0.414268
5,2146,0.380313,0.312559
5,2154,0.760626,0.733482
5,2157,0.466816,0.443139
5,2160,0.695749,0.668814
5,2169,0.437733,0.458556
5,2173,0.587621,0.510784
5,2177,0.349739,0.386039
5,2178,0.709172,0.576207
5,2182,0.59135,0.465644
5,2189,0.318419,0.328273
5,2199,0.645041,0.6367
5,2207,0.692021,0.679456
5,2208,0.563013,0.465857
5,2211,0.594333,0.601698
5,2214,0.363908,0.355455
5,2225,0.639821,0.664874
5,2230,0.086503,0.374095
5,2232,0.666667,0.543138
5,2233,0.395973,0.556359
5,2235,0.629381,0.662177
5,2243,0.353468,0.522956
5,2247,0.639075,0.656488
5,2251,0.514541,0.586566
5,2253,0.448919,0.641794
5,2259,0.534676,0.47155
5,2264,0.648024,0.606933
5,2265,0.674124,0.619645
5,2269,0.60179,0.460041
5,2278,0.707681,0.694556
5,2282,0.692767,0.537372
5,2290,0.722595,0.701027
5,2294,0.640567,0.575791
5,2295,0.096943,0.344723
5,2297,0.252796,0.312425
5,2298,0.39821,0.636946
5,2300,0.612975,0.587689
5,2301,0.348993,0.314421
5,2303,0.293065,0.416551
5,2306,0.609993,0.501313
5,2308,0.574944,0.464837
5,2309,0.651007,0.60227
5,2310,0.741984,0.659076
5,2312,0.507084,0.340604
5,2314,0.598061,0.56276
5,2315,0.457867,0.341546
5,2318,0.509321,0.388865
5,2319,0.478747,0.480776
5,2324,0.413125,0.479183
5,2325,0.44519,0.639294
5,2331,0.262491,0.307035
5,2341,0.312453,0.413086
5,2342,0.441462,0.382619
5,2345,0.122297,0.287933
5,2360,0.452647,0.355671
