Sample,True,Predicted
1,0.344519,0.513642
2,0.286353,0.412522
3,0.383296,0.543022
4,0.271439,0.422166
5,0.389262,0.325907
6,0.329605,0.348487
7,0.328859,0.357336
8,0.32513,0.464233
9,0.440716,0.594381
10,0.381059,0.511825
11,0.41387,0.393329
12,0.407905,0.436078
13,0.328113,0.465671
14,0.485459,0.656355
15,0.565996,0.417326
16,0.465324,0.528218
17,0.639821,0.593645
18,0.63311,0.563559
19,0.285608,0.319888
20,0.400447,0.631534
21,0.620432,0.595543
22,0.510067,0.526715
23,0.548844,0.568969
24,0.618941,0.479993
25,0.290082,0.596008
26,0.564504,0.424431
27,0.411633,0.486331
28,0.576436,0.557404
29,0.527219,0.562405
30,0.386279,0.379061
31,0.561521,0.644236
32,0.609247,0.524843
33,0.592095,0.540494
34,0.561521,0.636625
35,0.623415,0.601782
36,0.566741,0.585389
37,0.315436,0.551059
38,0.587621,0.632498
39,0.649515,0.580692
40,0.567487,0.506492
41,0.61223,0.597685
42,0.536913,0.528706
43,0.64355,0.55799
44,0.35123,0.436008
45,0.647278,0.540715
46,0.578673,0.647915
47,0.63311,0.629381
48,0.64877,0.557377
49,0.405667,0.531616
50,0.63833,0.525867
51,0.62267,0.578459
52,0.556301,0.49217
53,0.615213,0.622904
54,0.63311,0.693774
55,0.562267,0.667238
56,0.618941,0.653832
57,0.692021,0.588395
58,0.459359,0.556261
59,0.615213,0.551353
60,0.602535,0.639165
61,0.599553,0.539171
62,0.53915,0.593946
63,0.44519,0.569136
64,0.564504,0.584664
65,0.661447,0.469267
66,0.51305,0.539001
67,0.589113,0.601387
68,0.467562,0.396026
69,0.514541,0.488246
70,0.616704,0.536909
71,0.665921,0.492283
72,0.277405,0.446826
73,0.385533,0.496652
74,0.250559,0.476991
75,0.199851,0.332849
76,0.190157,0.405944
77,0.54959,0.556456
78,0.43997,0.44063
79,0.486204,0.478315
80,0.390753,0.467151
81,0.39821,0.479412
82,0.320656,0.400338
83,0.435496,0.391539
84,0.260254,0.395483
85,0.571216,0.586769
86,0.554064,0.493847
87,0.421327,0.463394
88,0.307233,0.403235
89,0.618195,0.656483
90,0.271439,0.514923
91,0.592095,0.463644
92,0.411633,0.455082
93,0.342282,0.432356
94,0.508576,0.478901
95,0.521999,0.498323
96,0.173005,0.469907
97,0.435496,0.381444
98,0.315436,0.484332
99,0.606264,0.485705
100,0.334825,0.514037
101,0.537658,0.429299
102,0.538404,0.431885
103,0.431022,0.448536
104,0.541387,0.57636
105,0.293065,0.437824
106,0.189411,0.338598
107,0.329605,0.313726
108,0.187174,0.289667
109,0.273676,0.541621
110,0.491424,0.526593
111,0.334825,0.455633
112,0.432513,0.349993
113,0.381059,0.45002
114,0.222222,0.549911
115,0.445936,0.534508
116,0.54959,0.438829
117,0.310962,0.507558
118,0.551827,0.542638
119,0.542133,0.518732
120,0.479493,0.653232
121,0.563013,0.521831
122,0.501864,0.390657
123,0.33035,0.445431
124,0.354959,0.602492
125,0.509321,0.607233
126,0.689038,0.727083
127,0.611484,0.652824
128,0.465324,0.535611
129,0.642804,0.555914
130,0.331842,0.418553
131,0.421327,0.475809
132,0.714392,0.482964
133,0.314691,0.568956
134,0.709918,0.652124
135,0.704698,0.535903
136,0.733781,0.512972
137,0.716629,0.54551
138,0.175988,0.436118
139,0.201342,0.311757
140,0.478747,0.605647
141,0.228188,0.319011
142,0.601044,0.700821
143,0.686055,0.675946
144,0.668904,0.6517
145,0.630127,0.571801
146,0.673378,0.651319
147,0.747204,0.687171
148,0.414616,0.386918
149,0.322893,0.412126
150,0.731544,0.614235
151,0.590604,0.626895
152,0.709918,0.589234
153,0.742729,0.678522
154,0.726324,0.565826
155,0.42953,0.358998
156,0.238628,0.413947
157,0.568233,0.461246
158,0.694258,0.523804
159,0.363908,0.385143
160,0.55481,0.421738
161,0.521999,0.471602
162,0.621178,0.40977
163,0.510067,0.525559
164,0.645787,0.579056
165,0.618941,0.575269
166,0.603281,0.615211
167,0.480239,0.552253
168,0.704698,0.596636
169,0.470544,0.409518
170,0.653244,0.590021
171,0.707681,0.630767
172,0.744966,0.637713
173,0.633855,0.652544
174,0.464579,0.474404
175,0.568233,0.46985
176,0.688292,0.69238
177,0.413125,0.592094
178,0.779269,0.542729
179,0.741984,0.373881
180,0.59657,0.578295
181,0.728561,0.567123
182,0.362416,0.310145
183,0.331096,0.375902
184,0.478002,0.535501
185,0.38777,0.32667
186,0.262491,0.401999
187,0.56525,0.529923
188,0.448919,0.50997
189,0.747949,0.604033
190,0.636092,0.45684
191,0.707681,0.591447
192,0.676361,0.530649
193,0.333333,0.356118
194,0.492916,0.543528
195,0.708427,0.568814
196,0.658464,0.510646
197,0.698732,0.665875
198,0.245339,0.341991
199,0.372856,0.347657
200,0.747949,0.569742
201,0.756898,0.569245
202,0.654735,0.561314
203,0.57047,0.616245
204,0.459359,0.471752
205,0.36689,0.536511
206,0.580164,0.427123
207,0.616704,0.496
208,0.345265,0.496031
209,0.586875,0.582513
210,0.623415,0.607276
211,0.548098,0.66636
212,0.62789,0.652727
213,0.626398,0.615579
214,0.599553,0.663924
215,0.624907,0.718223
216,0.577927,0.662461
217,0.56003,0.608544
218,0.532438,0.518414
219,0.530947,0.502988
220,0.380313,0.488014
221,0.565996,0.530609
222,0.512304,0.43683
223,0.37211,0.417738
224,0.542133,0.536974
225,0.554064,0.590573
226,0.607755,0.533322
227,0.395973,0.549827
228,0.465324,0.631866
229,0.453393,0.47714
230,0.376585,0.434488
231,0.631618,0.741458
232,0.625652,0.584903
233,0.623415,0.636375
234,0.55481,0.54275
235,0.627144,0.655697
236,0.483221,0.62247
237,0.64355,0.580054
238,0.538404,0.530362
239,0.372856,0.522243
240,0.57569,0.521288
241,0.357196,0.437162
242,0.348248,0.425245
243,0.473527,0.320361
244,0.517524,0.450128
245,0.564504,0.690226
246,0.466816,0.418937
247,0.54437,0.611101
248,0.343028,0.314884
249,0.473527,0.467268
250,0.630872,0.626413
251,0.359433,0.577326
252,0.519761,0.533049
253,0.46085,0.407731
254,0.579418,0.468672
255,0.597315,0.51144
256,0.615213,0.627667
257,0.636092,0.510561
258,0.475019,0.44888
259,0.53915,0.577597
260,0.354213,0.42631
261,0.348248,0.383346
262,0.642804,0.700889
263,0.582401,0.549765
264,0.595078,0.632926
265,0.589113,0.584271
266,0.609247,0.459659
267,0.396719,0.431518
268,0.630872,0.610017
269,0.62267,0.63783
270,0.410142,0.494057
271,0.420582,0.460075
272,0.360179,0.487238
273,0.378822,0.418476
274,0.553318,0.538328
275,0.542878,0.551962
276,0.46085,0.429512
277,0.571961,0.436658
278,0.45563,0.424902
279,0.339299,0.608056
280,0.583147,0.519681
281,0.634601,0.701605
282,0.433259,0.506148
283,0.404922,0.384283
284,0.504847,0.484683
285,0.456376,0.376691
286,0.571216,0.611423
287,0.456376,0.475071
288,0.504101,0.385557
289,0.478002,0.325797
290,0.521253,0.562546
291,0.500373,0.501944
292,0.495153,0.508429
293,0.487696,0.472881
294,0.491424,0.597677
295,0.511559,0.365153
296,0.470544,0.502637
297,0.468307,0.378201
298,0.480984,0.424074
299,0.457122,0.442729
300,0.418345,0.448194
301,0.519761,0.436326
302,0.574944,0.658401
303,0.598061,0.606708
304,0.499627,0.499322
305,0.370619,0.469162
306,0.612975,0.608356
307,0.571961,0.648641
308,0.451902,0.478626
309,0.510813,0.530052
310,0.40343,0.458504
311,0.599553,0.518797
312,0.592841,0.449975
313,0.46607,0.385143
314,0.487696,0.497083
315,0.594333,0.560704
316,0.531693,0.588547
317,0.642058,0.562083
318,0.46085,0.464705
319,0.686801,0.600134
320,0.609247,0.652548
321,0.550336,0.526499
322,0.59135,0.519506
323,0.420582,0.477534
324,0.521253,0.384912
325,0.401939,0.362426
326,0.381059,0.380015
327,0.634601,0.571483
328,0.651007,0.596927
329,0.513796,0.433192
330,0.565996,0.440465
331,0.616704,0.593891
332,0.58091,0.582564
333,0.598807,0.603831
334,0.428784,0.436309
335,0.439224,0.528902
336,0.571961,0.513516
337,0.574198,0.47303
338,0.489187,0.585505
339,0.59135,0.588565
340,0.451156,0.549736
341,0.524236,0.603162
342,0.535421,0.507255
343,0.536167,0.509623
344,0.49217,0.532555
345,0.420582,0.51384
346,0.534676,0.441173
347,0.521253,0.547218
348,0.385533,0.425674
349,0.395227,0.434899
350,0.454884,0.485996
351,0.439224,0.513751
352,0.483967,0.422306
353,0.548844,0.328478
354,0.395227,0.517826
355,0.446682,0.306146
356,0.310962,0.427678
357,0.442953,0.50458
358,0.639075,0.632007
359,0.440716,0.522411
360,0.401193,0.415538
361,0.320656,0.370233
362,0.270694,0.324306
363,0.322893,0.391199
364,0.219985,0.507196
365,0.46085,0.508667
366,0.611484,0.442202
367,0.562267,0.4761
368,0.609247,0.494589
369,0.410142,0.395368
370,0.509321,0.547111
371,0.49739,0.475512
372,0.594333,0.595793
373,0.431767,0.45579
374,0.396719,0.536837
375,0.484713,0.495572
376,0.486204,0.363945
377,0.559284,0.444693
378,0.614467,0.542941
379,0.565996,0.579544
380,0.454139,0.358692
381,0.539896,0.497958
382,0.423564,0.393021
383,0.543624,0.357381
384,0.365399,0.500696
385,0.536167,0.456294
386,0.530201,0.386856
387,0.467562,0.518206
388,0.623415,0.632017
389,0.739001,0.670721
390,0.485459,0.451222
391,0.418345,0.478275
392,0.590604,0.429849
393,0.443699,0.452288
394,0.577181,0.410559
395,0.52349,0.417804
396,0.507084,0.53078
397,0.416107,0.513324
398,0.48695,0.460976
399,0.467562,0.33485
400,0.757644,0.588445
401,0.630127,0.472846
402,0.53915,0.546746
403,0.553318,0.380158
404,0.57569,0.490249
405,0.314691,0.434606
406,0.597315,0.520085
407,0.428039,0.514458
408,0.368382,0.672203
409,0.420582,0.684271
410,0.58091,0.475136
411,0.683072,0.474725
412,0.56525,0.581476
413,0.527219,0.571353
414,0.460104,0.480314
415,0.586875,0.526615
416,0.59135,0.531955
417,0.572707,0.57764
418,0.487696,0.543161
419,0.530201,0.542732
420,0.56525,0.622407
421,0.610738,0.451438
422,0.56525,0.505813
423,0.521253,0.392918
424,0.647278,0.440219
425,0.665921,0.566433
426,0.184191,0.503289
427,0.667412,0.47383
428,0.735272,0.607273
429,0.51827,0.503945
430,0.660701,0.44534
431,0.738255,0.593056
432,0.420582,0.44192
433,0.545861,0.459943
434,0.460104,0.484619
435,0.094705,0.478892
436,0.296048,0.351115
437,0.395227,0.406342
438,0.38777,0.363451
439,0.344519,0.438676
440,0.299776,0.493655
441,0.376585,0.398891
442,0.550336,0.673101
443,0.38255,0.543024
444,0.499627,0.454109
445,0.0,0.401882
446,0.296048,0.281847
447,0.368382,0.300301
448,0.345265,0.315771
449,0.42953,0.307824
450,0.420582,0.483408
451,0.54437,0.392599
452,0.439224,0.45671
453,0.448919,0.47216
454,0.53915,0.508548
455,0.443699,0.469118
456,0.266219,0.421384
457,0.162565,0.40704
458,0.348993,0.474212
459,0.545116,0.42364
460,0.537658,0.468178
461,0.558538,0.498743
462,0.202834,0.335251
463,0.273676,0.403015
464,0.542133,0.461232
465,0.458613,0.576506
466,0.491424,0.553839
467,0.507084,0.526847
468,0.360179,0.406746
469,0.436242,0.428731
470,0.512304,0.533338
471,0.504847,0.5454
472,0.554064,0.436801
473,0.435496,0.386765
474,0.36689,0.480331
475,0.45041,0.52458
476,0.492916,0.457336
477,0.218494,0.37543
478,0.217748,0.4926
479,0.193139,0.523844
480,0.498136,0.434913
481,0.388516,0.422076
482,0.540641,0.568409
483,0.294556,0.348848
484,0.516779,0.512282
485,0.536913,0.548765
486,0.435496,0.60277
487,0.295302,0.414622
488,0.52349,0.499286
489,0.207308,0.452369
490,0.651007,0.548984
491,0.551081,0.60435
492,0.47651,0.61629
493,0.577181,0.582629
494,0.56525,0.368922
495,0.256525,0.68944
496,0.255034,0.437986
497,0.326622,0.561745
498,0.451156,0.516169
499,0.398956,0.426854
500,0.485459,0.443775
501,0.52871,0.532332
502,0.629381,0.573412
503,0.164802,0.366563
504,0.475019,0.300156
505,0.494407,0.602459
506,0.452647,0.450437
507,0.586875,0.416373
508,0.317673,0.48077
509,0.536167,0.557674
510,0.657718,0.465004
511,0.312453,0.618515
512,0.525727,0.567721
513,0.407905,0.643095
514,0.572707,0.467743
515,0.353468,0.622874
516,0.331096,0.390578
517,0.451902,0.415836
518,0.312453,0.462339
519,0.45563,0.582455
520,0.579418,0.630723
521,0.304996,0.511434
522,0.60179,0.63577
523,0.54959,0.483651
524,0.525727,0.52313
525,0.342282,0.391307
526,0.407905,0.519562
527,0.365399,0.530981
528,0.729306,0.518396
529,0.561521,0.515932
530,0.536167,0.50717
531,0.396719,0.447547
532,0.506339,0.459078
533,0.36689,0.60339
534,0.386279,0.461175
535,0.333333,0.60723
536,0.276659,0.396368
537,0.435496,0.394674
538,0.420582,0.502207
539,0.333333,0.43689
540,0.278896,0.395278
541,0.498881,0.457437
542,0.37733,0.491464
543,0.534676,0.338222
544,0.52349,0.449509
545,0.390007,0.380528
546,0.214765,0.51637
547,0.47129,0.35276
548,0.290828,0.342903
549,0.463087,0.465628
550,0.453393,0.57474
551,0.509321,0.567159
552,0.538404,0.500019
553,0.540641,0.529565
554,0.42953,0.429634
555,0.56003,0.489156
556,0.431767,0.518796
557,0.677107,0.659865
558,0.624161,0.51705
559,0.34601,0.357242
560,0.54437,0.513106
561,0.46607,0.600184
562,0.299776,0.465001
563,0.370619,0.517225
564,0.52871,0.641358
565,0.451156,0.504136
566,0.46085,0.360855
567,0.469799,0.501287
568,0.55481,0.513282
569,0.496644,0.569128
570,0.405667,0.564084
571,0.51827,0.528709
572,0.431022,0.411545
573,0.39299,0.540654
574,0.470544,0.393812
575,0.348248,0.349453
576,0.480239,0.398089
577,0.217002,0.575224
578,0.499627,0.586321
579,0.46607,0.636554
580,0.328859,0.487487
581,0.490679,0.494528
582,0.35123,0.44803
583,0.36167,0.487756
584,0.516779,0.600294
585,0.257271,0.596515
586,0.383296,0.577749
587,0.357196,0.615651
588,0.415362,0.597061
589,0.48173,0.497429
590,0.343028,0.55604
591,0.334825,0.472461
592,0.287099,0.421138
593,0.316182,0.2776
594,0.557047,0.521319
595,0.560776,0.574293
596,0.493661,0.634623
597,0.483967,0.522569
598,0.453393,0.663134
599,0.445936,0.493145
600,0.487696,0.597495
601,0.378822,0.548143
602,0.32513,0.456339
603,0.337808,0.349239
604,0.399702,0.523688
605,0.372856,0.477136
606,0.409396,0.39611
607,0.506339,0.603524
608,0.363162,0.488286
609,0.504847,0.532398
610,0.38255,0.512403
611,0.400447,0.480221
612,0.49739,0.498395
613,0.185682,0.419749
614,0.553318,0.580695
615,0.37211,0.537274
616,0.600298,0.673494
617,0.618195,0.593233
618,0.519016,0.623607
619,0.509321,0.546756
620,0.419836,0.406674
621,0.511559,0.475274
622,0.547353,0.408169
623,0.416853,0.486814
624,0.428039,0.491894
625,0.56525,0.441913
626,0.407905,0.537634
627,0.40343,0.543141
628,0.45041,0.470188
629,0.47651,0.576169
630,0.757644,0.59485
631,0.522744,0.529571
632,0.457122,0.526129
633,0.365399,0.520169
634,0.464579,0.427937
635,0.447427,0.294641
636,0.280388,0.429727
637,0.385533,0.363496
638,0.345265,0.444125
639,0.276659,0.449442
640,0.603281,0.622532
641,0.577927,0.664673
642,0.574944,0.54566
643,0.457867,0.491728
644,0.651007,0.466759
645,0.496644,0.552024
646,0.41909,0.590699
647,0.630872,0.547734
648,0.64877,0.506328
649,0.447427,0.485431
650,0.310962,0.497362
651,0.54437,0.435475
652,0.535421,0.530837
653,0.61745,0.529065
654,0.385533,0.379194
655,0.391499,0.49835
656,0.678598,0.542237
657,0.554064,0.493649
658,0.39299,0.567326
659,0.238628,0.417152
660,0.480984,0.500929
661,0.442953,0.532844
662,0.425056,0.388819
663,0.545116,0.560571
664,0.61745,0.457865
665,0.373602,0.517864
666,0.488441,0.635508
667,0.621924,0.635423
668,0.491424,0.583417
669,0.535421,0.467414
670,0.671141,0.593703
671,0.819538,0.449465
672,0.605518,0.548519
673,0.519761,0.442134
674,0.592095,0.55243
675,0.461596,0.488107
676,0.437733,0.448575
677,0.561521,0.426358
678,0.344519,0.45357
679,0.721104,0.619963
680,0.831469,0.625822
681,0.457867,0.524601
682,0.692767,0.589334
683,0.505593,0.456529
684,0.624907,0.60602
685,0.667412,0.552452
686,0.56525,0.495277
687,0.625652,0.565291
688,0.364653,0.51698
689,0.662192,0.571289
690,0.388516,0.405557
691,0.536167,0.422148
692,0.674124,0.619538
693,0.55481,0.577509
694,0.651752,0.601001
695,0.448173,0.56067
696,0.417599,0.513446
697,0.640567,0.520704
698,0.525727,0.570921
699,0.566741,0.43624
700,0.597315,0.423799
701,0.441462,0.544149
702,0.35645,0.471448
703,0.381059,0.314482
704,0.444444,0.359649
705,0.336316,0.485956
706,0.369873,0.419296
707,0.588367,0.512279
708,0.658464,0.564905
709,0.440716,0.510992
710,0.604027,0.375346
711,0.665175,0.562162
712,0.559284,0.561858
713,0.401939,0.551026
714,0.644295,0.699967
715,0.43997,0.506581
716,0.39299,0.589165
717,0.486204,0.524002
718,0.651007,0.589486
719,0.374348,0.479987
720,0.50783,0.432734
721,0.687547,0.510965
722,0.545861,0.569556
723,0.615213,0.606231
724,0.581656,0.656231
725,0.390753,0.40274
726,0.537658,0.426661
727,0.665921,0.537734
728,0.470544,0.542102
729,0.340045,0.368487
730,0.395973,0.479299
731,0.409396,0.481979
732,0.625652,0.462342
733,0.541387,0.52647
734,0.538404,0.363314
735,0.438479,0.550888
736,0.257271,0.560415
737,0.583147,0.434815
738,0.629381,0.59636
739,0.609993,0.557379
740,0.410142,0.509898
741,0.363908,0.485261
742,0.384787,0.515295
743,0.42431,0.552454
744,0.636838,0.495707
745,0.595078,0.645452
746,0.614467,0.571028
747,0.531693,0.561259
748,0.426547,0.555106
749,0.34079,0.336163
750,0.319165,0.364575
751,0.33557,0.378228
752,0.328113,0.362084
753,0.368382,0.346936
754,0.436242,0.377035
755,0.431767,0.605143
756,0.320656,0.391698
757,0.309471,0.35388
758,0.320656,0.418238
759,0.271439,0.405318
760,0.366145,0.363259
761,0.313199,0.457553
762,0.40865,0.438248
763,0.522744,0.424039
764,0.410142,0.320443
765,0.350485,0.402316
766,0.371365,0.381662
767,0.39821,0.447718
768,0.422819,0.450492
769,0.298285,0.506063
770,0.419836,0.500815
771,0.580164,0.558226
772,0.527219,0.408394
773,0.566741,0.438998
774,0.517524,0.414648
775,0.33035,0.386944
776,0.36167,0.498967
777,0.533184,0.464734
778,0.526473,0.397023
779,0.294556,0.276937
780,0.293811,0.581746
781,0.415362,0.373347
782,0.473527,0.485477
783,0.442207,0.488182
784,0.637584,0.572291
785,0.390007,0.370189
786,0.470544,0.541317
787,0.555556,0.476124
788,0.505593,0.449982
789,0.63833,0.500076
790,0.405667,0.488635
791,0.334825,0.444345
792,0.235645,0.395256
793,0.45041,0.321022
794,0.683818,0.531323
795,0.607755,0.541073
796,0.407905,0.532527
797,0.364653,0.463262
798,0.345265,0.389949
799,0.411633,0.278218
800,0.301268,0.413391
801,0.401939,0.356614
802,0.402685,0.41215
803,0.315436,0.389993
804,0.436242,0.493434
805,0.37211,0.318995
806,0.272185,0.402768
807,0.187919,0.433445
808,0.346756,0.337619
809,0.332588,0.341065
810,0.267711,0.417055
811,0.336316,0.408688
812,0.402685,0.440955
813,0.266219,0.291076
814,0.310216,0.356204
815,0.252796,0.402472
816,0.395227,0.398191
817,0.427293,0.514475
818,0.421327,0.400091
819,0.495153,0.43794
820,0.351976,0.396039
821,0.460104,0.492162
822,0.384042,0.487064
823,0.32513,0.429929
824,0.661447,0.681564
825,0.45563,0.421425
826,0.412379,0.523072
827,0.466816,0.543743
828,0.446682,0.414443
829,0.384787,0.485346
830,0.430276,0.5105
831,0.803132,0.638204
832,0.729306,0.58818
833,0.636838,0.541236
834,0.40865,0.593242
835,0.593587,0.44292
836,0.436987,0.460382
837,0.326622,0.401239
838,0.600298,0.54892
839,0.53393,0.477006
840,0.609993,0.505573
841,0.44519,0.512716
842,0.416853,0.540334
843,0.448173,0.337024
844,0.372856,0.364684
845,0.670395,0.58256
846,0.43997,0.489178
847,0.515287,0.469812
848,0.359433,0.487477
849,0.553318,0.465799
850,0.237136,0.442877
851,0.668158,0.468449
852,0.579418,0.59378
853,0.580164,0.583143
854,0.558538,0.575131
855,0.618195,0.576741
856,0.489933,0.571872
857,0.457122,0.482989
858,0.551827,0.567529
859,0.531693,0.509232
860,0.504101,0.426722
861,0.483967,0.466049
862,0.278896,0.42772
863,0.395227,0.496334
864,0.677107,0.440983
865,0.32513,0.451039
866,0.341536,0.486559
867,0.380313,0.463537
868,0.640567,0.436947
869,0.709918,0.558731
870,0.646532,0.576179
871,0.530947,0.518628
872,0.400447,0.436623
873,0.630872,0.584499
874,0.320656,0.354417
875,0.284116,0.368728
876,0.390007,0.436188
877,0.52871,0.346282
878,0.384787,0.3574
879,0.520507,0.340223
880,0.477256,0.396892
881,0.414616,0.493701
882,0.473527,0.405372
883,0.369128,0.486192
884,0.595824,0.594838
885,0.54959,0.528939
886,0.46607,0.55086
887,0.722595,0.505035
888,0.667412,0.39213
889,0.553318,0.613784
890,0.724087,0.637526
891,0.799403,0.631826
892,0.651007,0.597116
893,0.578673,0.376409
894,0.567487,0.355067
895,0.550336,0.619399
896,0.658464,0.586996
897,0.515287,0.608184
898,0.693512,0.556876
899,0.64355,0.558987
900,0.798658,0.664122
901,0.545861,0.543775
902,0.604027,0.498485
903,0.532438,0.530492
904,0.36167,0.552218
905,0.262491,0.33807
906,0.451156,0.403626
907,0.521253,0.419133
908,0.401193,0.454145
909,0.401193,0.522368
910,0.460104,0.578114
911,0.506339,0.568535
912,0.57569,0.531634
913,0.42431,0.402892
914,0.736764,0.612741
915,0.790455,0.660029
916,0.914989,0.631843
917,0.489933,0.60023
918,0.87472,0.685559
919,0.744966,0.497243
920,0.464579,0.574851
921,0.806115,0.58641
922,0.373602,0.656461
923,0.839672,0.669842
924,0.521253,0.632922
925,0.765101,0.574125
926,0.8956,0.552704
927,0.597315,0.542068
928,0.459359,0.435116
929,0.460104,0.485016
930,0.334825,0.47977
931,0.389262,0.533766
932,0.583147,0.396682
933,0.516033,0.339489
934,0.854586,0.619438
935,0.713647,0.575773
936,0.906786,0.474215
937,0.498881,0.553594
938,0.561521,0.412085
939,0.324385,0.420589
940,0.715884,0.455303
941,0.234154,0.62288
942,0.423564,0.49308
943,0.728561,0.551298
944,0.240119,0.457702
945,0.46085,0.551056
946,0.62267,0.552746
947,0.494407,0.538808
948,0.536167,0.461846
949,0.567487,0.571686
950,0.581656,0.546562
951,0.322893,0.528472
952,0.644295,0.664718
953,0.513796,0.608826
954,0.53915,0.613814
955,0.584638,0.61452
956,0.556301,0.652298
957,0.587621,0.632829
958,0.662938,0.667192
959,0.739001,0.631931
960,0.560776,0.653116
961,0.794929,0.583957
962,0.694258,0.620404
963,0.749441,0.597181
964,0.640567,0.551888
965,0.599553,0.528966
966,0.422073,0.492415
967,0.757644,0.585784
968,0.790455,0.662717
969,0.685309,0.595504
970,0.488441,0.555606
971,0.618941,0.563173
972,0.805369,0.68296
973,0.598807,0.640223
974,0.473527,0.44278
975,0.723341,0.515375
976,0.753169,0.614169
977,0.741238,0.627377
978,0.640567,0.664864
979,0.842655,0.69597
980,0.683072,0.603899
981,0.709172,0.679627
982,0.550336,0.572323
983,0.724087,0.623916
984,0.577927,0.568452
985,0.708427,0.687654
986,0.566741,0.663467
987,0.640567,0.693368
988,0.850112,0.703291
989,0.563758,0.53445
990,0.62267,0.606017
991,0.680089,0.642339
992,0.750932,0.649304
993,0.39299,0.438984
994,0.779269,0.626187
995,0.592095,0.593246
996,0.36689,0.548571
997,0.85384,0.698679
998,0.632364,0.611098
999,0.765101,0.512662
1000,0.791946,0.548453
1001,0.599553,0.540824
1002,0.489187,0.596349
1003,0.451156,0.581417
1004,0.63311,0.43586
1005,0.326622,0.496705
1006,0.510813,0.534485
1007,0.397465,0.529749
1008,0.536167,0.504352
1009,0.602535,0.625608
1010,0.559284,0.477937
1011,0.595824,0.472579
1012,0.716629,0.654348
1013,0.654735,0.439764
1014,0.711409,0.589193
1015,0.50261,0.463233
1016,0.755406,0.632866
1017,0.798658,0.593102
1018,0.423564,0.529894
1019,0.796421,0.737819
1020,0.815063,0.676723
1021,0.748695,0.542933
1022,0.783744,0.522968
1023,0.421327,0.653299
1024,0.470544,0.442281
1025,0.651752,0.682541
1026,0.585384,0.683831
1027,0.850858,0.566574
1028,0.562267,0.62498
1029,0.592095,0.583288
1030,0.670395,0.504746
1031,0.689784,0.497517
1032,0.557047,0.536238
1033,0.428039,0.486969
1034,0.649515,0.541543
1035,0.671141,0.494482
1036,0.53393,0.590286
1037,0.761372,0.687553
1038,0.751678,0.621961
1039,0.710664,0.544223
1040,0.47129,0.528423
1041,0.56525,0.541973
1042,0.651007,0.526743
1043,0.677107,0.654313
1044,0.755406,0.492455
1045,0.788218,0.567186
1046,0.854586,0.604024
1047,0.774795,0.588902
1048,0.933632,0.681615
1049,0.661447,0.692468
1050,0.721104,0.708038
1051,0.718867,0.585274
1052,0.616704,0.709949
1053,0.818792,0.687663
1054,0.835943,0.542906
1055,0.768084,0.568326
1056,0.82252,0.548873
1057,0.503356,0.555767
1058,0.695004,0.366707
1059,0.632364,0.688774
1060,0.797912,0.51525
1061,0.777032,0.48558
1062,0.633855,0.70918
1063,0.90604,0.661103
1064,0.811335,0.630749
1065,0.694258,0.455174
1066,0.600298,0.524798
1067,0.65921,0.47608
1068,0.482476,0.506357
1069,0.546607,0.486407
1070,0.478002,0.653558
1071,0.625652,0.586271
1072,0.493661,0.517049
1073,0.720358,0.607002
1074,0.640567,0.588451
1075,0.717375,0.554253
1076,0.777778,0.563883
1077,0.587621,0.532821
1078,0.785981,0.622582
1079,0.839672,0.696549
1080,0.807606,0.665643
1081,0.54437,0.649804
1082,0.775541,0.648687
1083,0.398956,0.519826
1084,0.611484,0.626606
1085,0.858315,0.641461
1086,0.803878,0.679611
1087,0.703952,0.629617
1088,0.680089,0.628965
1089,0.769575,0.62566
1090,0.708427,0.412247
1091,0.584638,0.614118
1092,0.639075,0.461946
1093,0.557047,0.598562
1094,0.60701,0.612236
1095,0.920955,0.643172
1096,0.595824,0.43743
1097,0.656227,0.42396
1098,0.62267,0.461778
1099,0.716629,0.510424
1100,0.727069,0.547196
1101,0.828486,0.592997
1102,0.581656,0.573196
1103,0.695004,0.574784
1104,0.642058,0.511235
1105,0.707681,0.576399
1106,0.290082,0.489506
1107,0.823266,0.647354
1108,0.85906,0.631024
1109,0.740492,0.628034
1110,0.690529,0.619215
1111,0.833706,0.692264
1112,0.572707,0.418802
1113,0.548844,0.557938
1114,0.813572,0.660998
1115,0.846383,0.647954
1116,0.862043,0.564417
1117,0.559284,0.548941
1118,0.513796,0.644401
1119,0.718867,0.622097
1120,0.747949,0.61684
1121,0.740492,0.595385
1122,0.820283,0.665803
1123,0.683072,0.700647
1124,0.715138,0.587091
1125,0.736764,0.61892
1126,0.569724,0.44203
1127,0.465324,0.511228
1128,0.621924,0.494248
1129,0.416107,0.380196
1130,0.566741,0.508216
1131,0.545116,0.632181
1132,0.587621,0.52944
1133,0.353468,0.487138
1134,0.263236,0.422982
1135,0.585384,0.574492
1136,0.357196,0.330306
1137,0.41909,0.406847
1138,0.56003,0.37285
1139,0.354959,0.429674
1140,0.503356,0.428271
1141,0.661447,0.572473
1142,0.561521,0.589433
1143,0.593587,0.629687
1144,0.451156,0.404614
1145,0.405667,0.678696
1146,0.417599,0.492631
1147,0.422819,0.646301
1148,0.545116,0.649513
1149,0.375839,0.492977
1150,0.525727,0.527374
1151,0.411633,0.604762
1152,0.527219,0.536378
1153,0.454884,0.607282
1154,0.310962,0.543241
1155,0.214019,0.45946
1156,0.407905,0.627445
1157,0.557793,0.54231
1158,0.681581,0.51762
1159,0.482476,0.56136
1160,0.478002,0.640255
1161,0.541387,0.467286
1162,0.417599,0.446933
1163,0.419836,0.420359
1164,0.345265,0.496397
1165,0.626398,0.578782
1166,0.50783,0.536267
1167,0.399702,0.563298
1168,0.386279,0.472124
1169,0.357942,0.599817
1170,0.411633,0.402035
1171,0.48173,0.548101
1172,0.571216,0.577537
1173,0.691275,0.675224
1174,0.550336,0.583866
1175,0.492916,0.567843
1176,0.551081,0.594429
1177,0.522744,0.495208
1178,0.580164,0.617573
1179,0.655481,0.638749
1180,0.686801,0.601405
1181,0.651752,0.523206
1182,0.488441,0.63019
1183,0.686801,0.665582
1184,0.693512,0.644571
1185,0.670395,0.60753
1186,0.504101,0.587072
1187,0.507084,0.506168
1188,0.49739,0.535423
1189,0.558538,0.584063
1190,0.615213,0.560451
1191,0.609993,0.499942
1192,0.633855,0.513662
1193,0.462342,0.523821
1194,0.636838,0.477072
1195,0.665175,0.436219
1196,0.472036,0.604827
1197,0.639075,0.445341
1198,0.649515,0.494501
1199,0.353468,0.54097
1200,0.42953,0.363139
1201,0.329605,0.484272
1202,0.360925,0.554263
1203,0.427293,0.426811
1204,0.590604,0.507481
1205,0.649515,0.570956
1206,0.437733,0.516795
1207,0.588367,0.515825
1208,0.605518,0.629205
1209,0.529456,0.509514
1210,0.41387,0.479326
1211,0.558538,0.417554
1212,0.396719,0.535202
1213,0.459359,0.476885
1214,0.501864,0.593991
1215,0.566741,0.664544
1216,0.605518,0.518789
1217,0.668904,0.563879
1218,0.54437,0.597809
1219,0.53915,0.442226
1220,0.539896,0.544195
1221,0.568978,0.509993
1222,0.585384,0.593085
1223,0.59135,0.585633
1224,0.562267,0.560908
1225,0.50783,0.554221
1226,0.616704,0.486123
1227,0.51827,0.50957
1228,0.478747,0.545145
1229,0.604027,0.48983
1230,0.542878,0.487056
1231,0.551081,0.591611
1232,0.498881,0.474297
1233,0.556301,0.478869
1234,0.520507,0.481948
1235,0.418345,0.379763
1236,0.487696,0.492277
1237,0.517524,0.557657
1238,0.40865,0.496774
1239,0.553318,0.539628
1240,0.354959,0.521764
1241,0.667412,0.539931
1242,0.410887,0.581498
1243,0.680835,0.596328
1244,0.629381,0.551201
1245,0.606264,0.597975
1246,0.639075,0.592845
1247,0.657718,0.498519
1248,0.662938,0.675979
1249,0.341536,0.458642
1250,0.395973,0.370793
1251,0.385533,0.557473
1252,0.38777,0.345189
1253,0.389262,0.481712
1254,0.348993,0.455805
1255,0.318419,0.412408
1256,0.50261,0.379747
1257,0.453393,0.523402
1258,0.381805,0.531371
1259,0.333333,0.323963
1260,0.34601,0.364876
1261,0.48173,0.387068
1262,0.275914,0.395943
1263,0.401939,0.472939
1264,0.500373,0.642923
1265,0.660701,0.551674
1266,0.571216,0.511431
1267,0.354213,0.382858
1268,0.287099,0.339383
1269,0.425056,0.604848
1270,0.321402,0.442901
1271,0.296048,0.462042
1272,0.541387,0.469076
1273,0.384042,0.470307
1274,0.428039,0.382886
1275,0.566741,0.529674
1276,0.482476,0.541304
1277,0.32513,0.436176
1278,0.37733,0.535675
1279,0.572707,0.652791
1280,0.422819,0.46821
1281,0.425056,0.567991
1282,0.461596,0.472398
1283,0.603281,0.609284
1284,0.287845,0.370694
1285,0.524236,0.426181
1286,0.251305,0.546184
1287,0.43997,0.541667
1288,0.460104,0.595191
1289,0.240865,0.590805
1290,0.457867,0.461104
1291,0.483967,0.362569
1292,0.606264,0.587369
1293,0.53915,0.5695
1294,0.542878,0.672816
1295,0.468307,0.570212
1296,0.400447,0.520597
1297,0.175988,0.538646
1298,0.300522,0.33806
1299,0.249814,0.472305
1300,0.360925,0.654518
1301,0.512304,0.438117
1302,0.410142,0.618518
1303,0.49217,0.499946
1304,0.480239,0.555789
1305,0.411633,0.439431
1306,0.263236,0.501387
1307,0.592095,0.530268
1308,0.315436,0.367687
1309,0.385533,0.511152
1310,0.375839,0.415609
1311,0.572707,0.427004
1312,0.585384,0.513363
1313,0.584638,0.514697
1314,0.260254,0.58384
1315,0.51827,0.397197
1316,0.48173,0.477298
1317,0.493661,0.492618
1318,0.533184,0.471497
1319,0.404176,0.608942
1320,0.369128,0.394408
1321,0.451156,0.454438
1322,0.600298,0.470436
1323,0.553318,0.593844
1324,0.635347,0.554111
1325,0.457122,0.453907
1326,0.516779,0.49634
1327,0.550336,0.628355
1328,0.747949,0.642987
1329,0.684564,0.491839
1330,0.710664,0.501266
1331,0.674124,0.509143
1332,0.448919,0.548251
1333,0.683818,0.55196
1334,0.45563,0.547775
1335,0.673378,0.613307
1336,0.627144,0.574144
1337,0.577927,0.581921
1338,0.700969,0.549185
1339,0.636838,0.559342
1340,0.581656,0.555328
1341,0.327368,0.373481
1342,0.299776,0.434032
1343,0.322148,0.481153
1344,0.478747,0.477259
1345,0.371365,0.4765
1346,0.255034,0.305095
1347,0.225205,0.526469
1348,0.58091,0.489248
1349,0.457122,0.573536
1350,0.52349,0.55021
1351,0.640567,0.612412
1352,0.584638,0.47246
1353,0.437733,0.500984
1354,0.473527,0.485032
1355,0.404176,0.5708
1356,0.64355,0.627098
1357,0.463833,0.379555
1358,0.442953,0.481447
1359,0.359433,0.490393
1360,0.257271,0.373131
1361,0.264728,0.249397
1362,0.425802,0.423235
1363,0.601044,0.612901
1364,0.63833,0.606534
1365,0.565996,0.658578
1366,0.393736,0.520329
1367,0.700969,0.645845
1368,0.699478,0.53282
1369,0.517524,0.469257
1370,0.34601,0.563152
1371,0.36689,0.444441
1372,0.608501,0.668742
1373,0.745712,0.62418
1374,0.686801,0.573365
1375,0.592841,0.580758
1376,0.477256,0.589774
1377,0.333333,0.464592
1378,0.275168,0.54473
1379,0.618941,0.651879
1380,0.652498,0.612226
1381,0.632364,0.641386
1382,0.716629,0.539417
1383,0.32513,0.412536
1384,0.222968,0.528293
1385,0.650261,0.58556
1386,0.526473,0.466637
1387,0.374348,0.39013
1388,0.40343,0.343023
1389,0.35123,0.470569
1390,0.37733,0.373589
1391,0.294556,0.395188
1392,0.296793,0.333176
1393,0.35123,0.50025
1394,0.465324,0.487796
1395,0.649515,0.585044
1396,0.490679,0.389904
1397,0.615958,0.580601
1398,0.658464,0.552664
1399,0.631618,0.537701
1400,0.608501,0.534747
1401,0.583147,0.589362
1402,0.457867,0.494203
1403,0.726324,0.500605
1404,0.268456,0.532181
1405,0.452647,0.548437
1406,0.703207,0.660421
1407,0.589113,0.559844
1408,0.700224,0.582665
1409,0.324385,0.412126
1410,0.420582,0.558669
1411,0.553318,0.591404
1412,0.760626,0.594177
1413,0.640567,0.547127
1414,0.542133,0.607328
1415,0.475764,0.541362
1416,0.256525,0.539444
1417,0.777032,0.717999
1418,0.697241,0.61951
1419,0.727069,0.65907
1420,0.700224,0.594003
1421,0.604773,0.590658
1422,0.536167,0.330177
1423,0.66965,0.536837
1424,0.454884,0.445985
1425,0.354959,0.55928
1426,0.402685,0.51899
1427,0.585384,0.631923
1428,0.487696,0.539318
1429,0.498881,0.616977
1430,0.405667,0.596189
1431,0.665921,0.563662
1432,0.642058,0.556589
1433,0.636092,0.592665
1434,0.307233,0.550394
1435,0.463087,0.514079
1436,0.469053,0.447194
1437,0.477256,0.573974
1438,0.316928,0.355494
1439,0.281879,0.426079
1440,0.267711,0.36243
1441,0.243102,0.381709
1442,0.267711,0.247602
1443,0.367636,0.266584
1444,0.292319,0.561428
1445,0.237136,0.386144
1446,0.516779,0.567371
1447,0.65399,0.663753
1448,0.410142,0.473179
1449,0.58613,0.647801
1450,0.566741,0.529665
1451,0.569724,0.566042
1452,0.219985,0.463297
1453,0.557793,0.664719
1454,0.706189,0.650988
1455,0.633855,0.658079
1456,0.545116,0.583861
1457,0.547353,0.593175
1458,0.547353,0.582697
1459,0.373602,0.465776
1460,0.459359,0.633116
1461,0.519016,0.654186
1462,0.655481,0.51155
1463,0.294556,0.612386
1464,0.465324,0.490118
1465,0.631618,0.576212
1466,0.62789,0.584027
1467,0.49217,0.553309
1468,0.586875,0.527545
1469,0.560776,0.569844
1470,0.269202,0.497253
1471,0.333333,0.525713
1472,0.653244,0.527337
1473,0.529456,0.615377
1474,0.694258,0.578491
1475,0.509321,0.483308
1476,0.504847,0.464453
1477,0.646532,0.593419
1478,0.769575,0.65661
1479,0.302013,0.646143
1480,0.727069,0.59877
1481,0.451902,0.4482
1482,0.385533,0.602651
1483,0.621178,0.567146
1484,0.487696,0.448179
1485,0.411633,0.552816
1486,0.581656,0.545415
1487,0.573453,0.58716
1488,0.662192,0.553931
1489,0.649515,0.65581
1490,0.677852,0.635522
1491,0.661447,0.597241
1492,0.445936,0.522155
1493,0.56525,0.53996
1494,0.419836,0.477085
1495,0.530201,0.402462
1496,0.375093,0.279399
1497,0.35645,0.49065
1498,0.337062,0.57426
1499,0.641312,0.577508
1500,0.547353,0.570362
1501,0.706935,0.689314
1502,0.689038,0.712732
1503,0.255779,0.40544
1504,0.422819,0.646127
1505,0.516033,0.571686
1506,0.536913,0.573911
1507,0.326622,0.410327
1508,0.439224,0.493517
1509,0.326622,0.400977
1510,0.563758,0.526353
1511,0.365399,0.554162
1512,0.621924,0.402348
1513,0.436242,0.494547
1514,0.557047,0.449544
1515,0.525727,0.474899
1516,0.521253,0.478827
1517,0.492916,0.477741
1518,0.519761,0.497758
1519,0.547353,0.617046
1520,0.316928,0.54652
1521,0.36689,0.364495
1522,0.681581,0.554156
1523,0.378076,0.46967
1524,0.438479,0.588603
1525,0.478747,0.367842
1526,0.214019,0.452281
1527,0.284862,0.41913
1528,0.42953,0.459066
1529,0.51305,0.559348
1530,0.373602,0.440492
1531,0.274422,0.579157
1532,0.510067,0.561686
1533,0.443699,0.574616
1534,0.393736,0.371735
1535,0.674869,0.52702
1536,0.56525,0.588994
1537,0.38777,0.557861
1538,0.501119,0.573835
1539,0.545861,0.578592
1540,0.352722,0.429967
1541,0.381059,0.400526
1542,0.255779,0.355504
1543,0.466816,0.52809
1544,0.608501,0.542634
1545,0.611484,0.481544
1546,0.600298,0.627876
1547,0.659955,0.621412
1548,0.651752,0.571642
1549,0.315436,0.543371
1550,0.530947,0.548304
1551,0.607755,0.615957
1552,0.61745,0.489796
1553,0.267711,0.461385
1554,0.390753,0.407727
1555,0.520507,0.540065
1556,0.62789,0.588255
1557,0.671887,0.559213
1558,0.239374,0.478051
1559,0.665921,0.578075
1560,0.663684,0.587189
1561,0.516033,0.543372
1562,0.407905,0.458328
1563,0.395227,0.735661
1564,0.411633,0.42056
1565,0.347502,0.38895
1566,0.561521,0.538858
1567,0.709172,0.655066
1568,0.704698,0.667326
1569,0.587621,0.509354
1570,0.627144,0.516577
1571,0.615958,0.629475
1572,0.387025,0.574427
1573,0.533184,0.506004
1574,0.66965,0.607958
1575,0.350485,0.59595
1576,0.579418,0.496283
1577,0.365399,0.59487
1578,0.521999,0.632317
1579,0.671141,0.589302
1580,0.611484,0.566404
1581,0.668904,0.602234
1582,0.469799,0.621394
1583,0.532438,0.639845
1584,0.652498,0.58867
1585,0.686801,0.659796
1586,0.677852,0.64425
1587,0.673378,0.587402
1588,0.629381,0.664084
1589,0.627144,0.606988
1590,0.62267,0.574589
1591,0.423564,0.43877
1592,0.475764,0.574972
1593,0.289336,0.336368
1594,0.618195,0.376078
1595,0.666667,0.567909
1596,0.716629,0.460339
1597,0.470544,0.545341
1598,0.57047,0.490254
1599,0.425802,0.470133
1600,0.525727,0.549315
1601,0.671141,0.60605
1602,0.39299,0.403599
1603,0.708427,0.693577
1604,0.662192,0.590938
1605,0.432513,0.610031
1606,0.686055,0.672054
1607,0.718121,0.601347
1608,0.289336,0.392323
1609,0.54437,0.629364
1610,0.61745,0.548123
1611,0.454139,0.532639
1612,0.662192,0.632073
1613,0.688292,0.609008
1614,0.436987,0.470683
1615,0.642058,0.540221
1616,0.401193,0.565008
1617,0.446682,0.547316
1618,0.390007,0.627939
1619,0.710664,0.556825
1620,0.63833,0.547587
1621,0.630127,0.566065
1622,0.715884,0.590771
1623,0.678598,0.528706
1624,0.661447,0.647684
1625,0.489187,0.460477
1626,0.60701,0.457901
1627,0.708427,0.447128
1628,0.341536,0.531449
1629,0.624161,0.595758
1630,0.715884,0.427132
1631,0.272185,0.386452
1632,0.368382,0.393607
1633,0.320656,0.435737
1634,0.398956,0.41116
1635,0.532438,0.517028
1636,0.581656,0.557856
1637,0.464579,0.54819
1638,0.639821,0.547571
1639,0.711409,0.541792
1640,0.674124,0.445669
1641,0.542878,0.434093
1642,0.710664,0.556931
1643,0.692021,0.662895
1644,0.703207,0.561128
1645,0.640567,0.59204
1646,0.682327,0.548847
1647,0.697987,0.521532
1648,0.526473,0.469901
1649,0.540641,0.546871
1650,0.637584,0.538048
1651,0.324385,0.476478
1652,0.461596,0.514585
1653,0.493661,0.504788
1654,0.540641,0.462274
1655,0.314691,0.355387
1656,0.414616,0.510822
1657,0.641312,0.574398
1658,0.609247,0.534548
1659,0.299776,0.444101
1660,0.348248,0.449501
1661,0.464579,0.33987
1662,0.341536,0.460987
1663,0.57047,0.43562
1664,0.533184,0.488704
1665,0.340045,0.389417
1666,0.504847,0.398058
1667,0.331096,0.48259
1668,0.378076,0.597786
1669,0.605518,0.560861
1670,0.245339,0.641883
1671,0.506339,0.418586
1672,0.639075,0.599259
1673,0.54959,0.488219
1674,0.266965,0.317545
1675,0.693512,0.392073
1676,0.676361,0.569936
1677,0.527964,0.546072
1678,0.445936,0.48765
1679,0.630127,0.61307
1680,0.645041,0.610392
1681,0.598061,0.569124
1682,0.363908,0.343658
1683,0.254288,0.373761
1684,0.278151,0.345751
1685,0.362416,0.42541
1686,0.626398,0.632143
1687,0.589113,0.570485
1688,0.671141,0.597893
1689,0.637584,0.574458
1690,0.703207,0.598163
1691,0.411633,0.612465
1692,0.709918,0.637654
1693,0.636838,0.41074
1694,0.707681,0.504517
1695,0.472782,0.512511
1696,0.571961,0.514822
1697,0.677107,0.511247
1698,0.60701,0.532117
1699,0.652498,0.359141
1700,0.639821,0.439392
1701,0.435496,0.387449
1702,0.431767,0.419202
1703,0.721849,0.615846
1704,0.663684,0.596544
1705,0.777032,0.614717
1706,0.573453,0.530421
1707,0.49739,0.464285
1708,0.404176,0.445051
1709,0.293065,0.82369
1710,0.680835,0.639927
1711,0.524236,0.596096
1712,0.630127,0.643491
1713,0.639075,0.646356
1714,0.348993,0.531303
1715,0.494407,0.421082
1716,0.589858,0.593678
1717,0.552573,0.583252
1718,0.494407,0.49173
1719,0.362416,0.492852
1720,0.568978,0.514546
1721,0.632364,0.4187
1722,0.41387,0.392538
1723,0.404922,0.444775
1724,0.542133,0.575536
1725,0.632364,0.469287
1726,0.371365,0.536635
1727,0.468307,0.558485
1728,0.38777,0.468799
1729,0.314691,0.460492
1730,0.348993,0.330729
1731,0.739746,0.634814
1732,0.730798,0.55805
1733,0.780761,0.611171
1734,0.407905,0.6627
1735,0.578673,0.524233
1736,0.247576,0.473609
1737,0.447427,0.458267
1738,0.334079,0.561639
1739,0.411633,0.525952
1740,0.661447,0.608807
1741,0.491424,0.410001
1742,0.320656,0.434442
1743,0.378822,0.458921
1744,0.199851,0.429944
1745,0.17226,0.472799
1746,0.243848,0.604109
1747,0.498136,0.505695
1748,0.288591,0.437596
1749,0.354959,0.52511
1750,0.375093,0.499137
1751,0.52349,0.542028
1752,0.521253,0.347629
1753,0.521999,0.519154
1754,0.467562,0.561632
1755,0.263236,0.488352
1756,0.668158,0.675071
1757,0.760626,0.680317
1758,0.49739,0.570892
1759,0.487696,0.494187
1760,0.564504,0.469524
1761,0.522744,0.477654
1762,0.538404,0.537433
1763,0.263982,0.47971
1764,0.251305,0.414862
1765,0.240119,0.55162
1766,0.246831,0.475811
1767,0.539896,0.444359
1768,0.610738,0.553555
1769,0.322148,0.391161
1770,0.363908,0.462287
1771,0.516779,0.361746
1772,0.407159,0.589936
1773,0.594333,0.564705
1774,0.519016,0.496693
1775,0.334825,0.394315
1776,0.146905,0.443336
1777,0.1044,0.440201
1778,0.527964,0.387378
1779,0.493661,0.469426
1780,0.383296,0.516478
1781,0.439224,0.517417
1782,0.265474,0.458063
1783,0.557793,0.536681
1784,0.466816,0.498747
1785,0.57047,0.645652
1786,0.615958,0.62955
1787,0.658464,0.546558
1788,0.755406,0.606502
1789,0.636838,0.665404
1790,0.615213,0.471061
1791,0.642804,0.507973
1792,0.615958,0.566875
1793,0.46607,0.510546
1794,0.63833,0.351814
1795,0.656227,0.640895
1796,0.674124,0.496278
1797,0.695749,0.669633
1798,0.524981,0.526475
1799,0.470544,0.447451
1800,0.46085,0.546296
1801,0.614467,0.575552
1802,0.543624,0.689873
1803,0.589858,0.44176
1804,0.511559,0.588517
1805,0.339299,0.450313
1806,0.372856,0.559224
1807,0.607755,0.542013
1808,0.578673,0.46789
1809,0.397465,0.314984
1810,0.510813,0.519916
1811,0.649515,0.589853
1812,0.340045,0.381791
1813,0.714392,0.458229
1814,0.498881,0.417049
1815,0.392245,0.50125
1816,0.646532,0.574289
1817,0.50783,0.383994
1818,0.432513,0.414276
1819,0.740492,0.408214
1820,0.538404,0.563164
1821,0.513796,0.622074
1822,0.652498,0.455031
1823,0.793438,0.608648
1824,0.641312,0.632928
1825,0.639821,0.546307
1826,0.650261,0.511143
1827,0.594333,0.56892
1828,0.65921,0.445125
1829,0.586875,0.512846
1830,0.470544,0.495248
1831,0.178225,0.489049
1832,0.489187,0.437385
1833,0.558538,0.338506
1834,0.454139,0.326092
1835,0.545861,0.278648
1836,0.536913,0.391029
1837,0.682327,0.498914
1838,0.618195,0.521292
1839,0.604027,0.442106
1840,0.412379,0.415302
1841,0.58091,0.468856
1842,0.294556,0.404892
1843,0.263236,0.415331
1844,0.446682,0.371512
1845,0.515287,0.469376
1846,0.569724,0.542451
1847,0.488441,0.434212
1848,0.319165,0.378975
1849,0.504101,0.476394
1850,0.483221,0.450342
1851,0.458613,0.463658
1852,0.706935,0.529398
1853,0.628635,0.580771
1854,0.294556,0.479525
1855,0.561521,0.453333
1856,0.404176,0.446129
1857,0.593587,0.580389
1858,0.390753,0.344872
1859,0.348248,0.50196
1860,0.363908,0.503478
1861,0.409396,0.397714
1862,0.328113,0.461439
1863,0.42953,0.479681
1864,0.527219,0.576927
1865,0.235645,0.325684
1866,0.143177,0.402097
1867,0.365399,0.389658
1868,0.607755,0.478082
1869,0.454139,0.542978
1870,0.372856,0.423725
1871,0.598061,0.636413
1872,0.548844,0.587433
1873,0.418345,0.541348
1874,0.63311,0.587743
1875,0.440716,0.481249
1876,0.259508,0.470646
1877,0.113348,0.419689
1878,0.472782,0.502403
1879,0.530947,0.491034
1880,0.297539,0.366784
1881,0.61223,0.540767
1882,0.344519,0.548292
1883,0.40343,0.349711
1884,0.294556,0.438953
1885,0.122297,0.404483
1886,0.54959,0.387603
1887,0.303505,0.349181
1888,0.700969,0.539817
1889,0.47129,0.458998
1890,0.621924,0.420291
1891,0.677852,0.530113
1892,0.475019,0.466281
1893,0.572707,0.472168
1894,0.574198,0.406213
1895,0.329605,0.405558
1896,0.592095,0.477415
1897,0.430276,0.427745
1898,0.56525,0.430507
1899,0.533184,0.454237
1900,0.736018,0.582083
1901,0.834452,0.617352
1902,0.692767,0.62288
1903,0.689784,0.532818
1904,0.407905,0.530787
1905,0.859806,0.636353
1906,0.853095,0.652126
1907,0.764355,0.628435
1908,0.800895,0.592877
1909,0.411633,0.665264
1910,0.781506,0.500539
1911,0.868009,0.568913
1912,0.742729,0.575727
1913,0.60701,0.513521
1914,0.550336,0.606235
1915,0.653244,0.57687
1916,0.545116,0.503597
1917,0.46085,0.538849
1918,0.472036,0.486086
1919,0.308725,0.463026
1920,0.463833,0.479054
1921,0.781506,0.571834
1922,0.280388,0.424805
1923,0.399702,0.477017
1924,0.251305,0.443768
1925,0.679344,0.49835
1926,0.545116,0.424936
1927,0.524981,0.473462
1928,0.666667,0.556287
1929,0.705444,0.566979
1930,0.520507,0.540403
1931,0.489933,0.535802
1932,0.46085,0.562565
1933,0.604773,0.504335
1934,0.391499,0.371106
1935,0.346756,0.61298
1936,0.243102,0.311885
1937,0.674869,0.565048
1938,0.470544,0.414538
1939,0.312453,0.415341
1940,0.651752,0.56444
1941,0.56525,0.475483
1942,0.758389,0.483774
1943,0.809098,0.636764
1944,0.882923,0.552026
1945,0.537658,0.593654
1946,0.672632,0.594843
1947,0.510813,0.460628
1948,0.269202,0.502339
1949,0.378822,0.372687
1950,0.082028,0.333705
1951,0.243102,0.349606
1952,0.440716,0.417013
1953,0.751678,0.399597
1954,0.400447,0.493119
1955,0.668904,0.464752
1956,0.252051,0.461492
1957,0.406413,0.386244
1958,0.62267,0.527488
1959,0.0783,0.426443
1960,0.633855,0.300311
1961,0.001491,0.42624
1962,0.702461,0.712574
1963,0.759135,0.582883
1964,0.674869,0.578529
1965,0.725578,0.623071
1966,0.199851,0.593746
1967,0.785235,0.576402
1968,0.470544,0.541383
1969,0.563013,0.520359
1970,0.741238,0.627656
1971,0.765846,0.557243
1972,0.715138,0.583323
1973,0.304251,0.38554
1974,0.721104,0.550361
1975,0.816555,0.592108
1976,0.489933,0.566127
1977,0.605518,0.664838
1978,0.782998,0.637442
1979,0.797166,0.676883
1980,0.703207,0.679856
1981,0.543624,0.455081
1982,0.910515,0.750725
1983,0.598061,0.709045
1984,0.89038,0.660266
1985,0.746458,0.703491
1986,0.857569,0.68413
1987,0.775541,0.752182
1988,0.680835,0.606891
1989,0.700224,0.591964
1990,0.63833,0.524921
1991,0.452647,0.413635
1992,0.354213,0.428428
1993,0.700969,0.493893
1994,0.457122,0.528043
1995,0.642058,0.52427
1996,0.727069,0.68464
1997,0.857569,0.60347
1998,0.836689,0.6265
1999,0.661447,0.479813
2000,0.014169,0.467874
2001,0.766592,0.523879
2002,0.401193,0.315758
2003,0.013423,0.446983
2004,0.727069,0.678559
2005,0.773304,0.618621
2006,0.621924,0.623686
2007,0.865772,0.637519
2008,0.618941,0.654501
2009,0.240865,0.626942
2010,0.821029,0.593745
2011,0.745712,0.558859
2012,0.166294,0.544293
2013,0.284862,0.543344
2014,0.649515,0.446872
2015,0.34079,0.541415
2016,0.713647,0.52141
2017,0.844892,0.668723
2018,0.805369,0.700373
2019,0.941089,0.768348
2020,0.820283,0.741314
2021,0.975392,0.700467
2022,0.820283,0.660743
2023,0.567487,0.523847
2024,0.55481,0.4338
2025,0.946309,0.623204
2026,0.642804,0.504104
2027,0.593587,0.594596
2028,0.211782,0.410596
2029,0.866518,0.708092
2030,0.981357,0.649519
2031,1.0,0.438437
2032,0.49217,0.726227
2033,0.563758,0.65056
2034,0.776286,0.661469
2035,0.697987,0.622765
2036,0.348993,0.50738
2037,0.679344,0.551144
2038,0.683072,0.560088
2039,0.594333,0.369749
2040,0.302013,0.468421
2041,0.245339,0.47054
2042,0.703952,0.377847
2043,0.618941,0.564535
2044,0.538404,0.386586
2045,0.478747,0.459141
2046,0.49217,0.354235
2047,0.506339,0.526001
2048,0.697987,0.510723
2049,0.479493,0.539832
2050,0.378076,0.346239
2051,0.401193,0.475337
2052,0.437733,0.422296
2053,0.457122,0.530503
2054,0.466816,0.449495
2055,0.482476,0.40061
2056,0.559284,0.502096
2057,0.46085,0.473432
2058,0.602535,0.382599
2059,0.493661,0.442596
2060,0.51305,0.442625
2061,0.391499,0.438169
2062,0.530947,0.433936
2063,0.307979,0.425901
2064,0.451902,0.362562
2065,0.425802,0.362798
2066,0.193885,0.399823
2067,0.486204,0.353307
2068,0.266965,0.386885
2069,0.469053,0.447368
2070,0.49217,0.429427
2071,0.376585,0.393891
2072,0.386279,0.422841
2073,0.49217,0.367266
2074,0.588367,0.463221
2075,0.480984,0.508991
2076,0.49217,0.463559
2077,0.479493,0.428769
2078,0.48173,0.432091
2079,0.630872,0.387929
2080,0.388516,0.325096
2081,0.395227,0.372769
2082,0.389262,0.438863
2083,0.440716,0.443115
2084,0.376585,0.350233
2085,0.38255,0.404749
2086,0.369873,0.42931
2087,0.376585,0.391547
2088,0.380313,0.393437
2089,0.404922,0.370464
2090,0.482476,0.544135
2091,0.578673,0.496091
2092,0.428784,0.483741
2093,0.442953,0.429358
2094,0.562267,0.454015
2095,0.40865,0.445784
2096,0.498136,0.386733
2097,0.40865,0.53199
2098,0.558538,0.432381
2099,0.56525,0.51381
2100,0.649515,0.521385
2101,0.538404,0.446637
2102,0.479493,0.439867
2103,0.392245,0.372571
2104,0.51827,0.582974
2105,0.587621,0.519765
2106,0.519761,0.445945
2107,0.389262,0.585911
2108,0.621178,0.535369
2109,0.646532,0.577767
2110,0.51305,0.523443
2111,0.331096,0.424713
2112,0.379567,0.27573
2113,0.371365,0.439421
2114,0.512304,0.476254
2115,0.696495,0.565891
2116,0.614467,0.50919
2117,0.363162,0.554437
2118,0.579418,0.425787
2119,0.530201,0.536408
2120,0.393736,0.437831
2121,0.536913,0.46238
2122,0.473527,0.474798
2123,0.452647,0.509057
2124,0.411633,0.485008
2125,0.600298,0.503257
2126,0.522744,0.379672
2127,0.419836,0.409141
2128,0.415362,0.524824
2129,0.492916,0.478877
2130,0.562267,0.398012
2131,0.642804,0.457403
2132,0.589858,0.492322
2133,0.564504,0.481051
2134,0.380313,0.507224
2135,0.631618,0.413871
2136,0.421327,0.474823
2137,0.470544,0.490528
2138,0.34601,0.405786
2139,0.574944,0.383888
2140,0.381059,0.388405
2141,0.440716,0.410661
2142,0.384042,0.391779
2143,0.386279,0.393394
2144,0.635347,0.498538
2145,0.449664,0.524214
2146,0.454884,0.385961
2147,0.380313,0.458314
2148,0.447427,0.324803
2149,0.395227,0.404845
2150,0.354959,0.435245
2151,0.302013,0.47993
2152,0.428784,0.396096
2153,0.621178,0.490507
2154,0.609247,0.489147
2155,0.760626,0.623106
2156,0.728561,0.524081
2157,0.639075,0.591939
2158,0.466816,0.614565
2159,0.618941,0.595805
2160,0.680835,0.49745
2161,0.695749,0.531198
2162,0.306488,0.340158
2163,0.410887,0.469536
2164,0.583893,0.575
2165,0.721104,0.669818
2166,0.525727,0.346792
2167,0.583893,0.514071
2168,0.411633,0.44033
2169,0.535421,0.479223
2170,0.437733,0.441814
2171,0.48173,0.50027
2172,0.615958,0.373451
2173,0.500373,0.529138
2174,0.587621,0.439226
2175,0.547353,0.458504
2176,0.52871,0.545275
2177,0.552573,0.423378
2178,0.349739,0.526233
2179,0.709172,0.531171
2180,0.66443,0.610285
2181,0.662192,0.509448
2182,0.505593,0.564463
2183,0.59135,0.571606
2184,0.759135,0.599066
2185,0.718867,0.57762
2186,0.609247,0.677806
2187,0.50783,0.367925
2188,0.65921,0.532197
2189,0.536913,0.449286
2190,0.318419,0.491795
2191,0.383296,0.375443
2192,0.448919,0.385025
2193,0.393736,0.330245
2194,0.651752,0.521734
2195,0.612975,0.516321
2196,0.630127,0.593397
2197,0.674869,0.666902
2198,0.581656,0.547744
2199,0.668158,0.560202
2200,0.645041,0.600096
2201,0.567487,0.66329
2202,0.677107,0.567151
2203,0.694258,0.636372
2204,0.494407,0.588591
2205,0.702461,0.550395
2206,0.662192,0.603727
2207,0.642058,0.593059
2208,0.692021,0.673523
2209,0.563013,0.618709
2210,0.58613,0.489217
2211,0.610738,0.640824
2212,0.594333,0.472681
2213,0.338553,0.548094
2214,0.421327,0.361983
2215,0.363908,0.365479
2216,0.239374,0.54729
2217,0.313199,0.421386
2218,0.378822,0.429589
2219,0.41387,0.320813
2220,0.213274,0.309346
2221,0.45563,0.383309
2222,0.472036,0.479537
2223,0.535421,0.381969
2224,0.344519,0.359763
2225,0.553318,0.582993
2226,0.639821,0.614583
2227,0.36689,0.379859
2228,0.564504,0.437771
2229,0.295302,0.521802
2230,0.618941,0.511572
2231,0.086503,0.433381
2232,0.57569,0.514469
2233,0.666667,0.516799
2234,0.395973,0.509726
2235,0.472782,0.502962
2236,0.629381,0.44703
2237,0.380313,0.35414
2238,0.304996,0.363373
2239,0.554064,0.504744
2240,0.348248,0.525485
2241,0.52871,0.467217
2242,0.42953,0.552465
2243,0.698732,0.661563
2244,0.353468,0.474338
2245,0.457122,0.46587
2246,0.654735,0.520238
2247,0.573453,0.514009
2248,0.639075,0.681025
2249,0.504847,0.539512
2250,0.64877,0.55448
2251,0.501119,0.609439
2252,0.514541,0.569174
2253,0.648024,0.529713
2254,0.448919,0.581495
2255,0.680835,0.625415
2256,0.689038,0.551191
2257,0.601044,0.589292
2258,0.56525,0.534055
2259,0.603281,0.481694
2260,0.534676,0.575249
2261,0.34601,0.453336
2262,0.57569,0.575418
2263,0.612975,0.592855
2264,0.656972,0.638426
2265,0.648024,0.624508
2266,0.674124,0.609545
2267,0.727069,0.678737
2268,0.635347,0.638096
2269,0.630127,0.609089
2270,0.60179,0.557794
2271,0.463087,0.665573
2272,0.629381,0.486318
2273,0.504847,0.284377
2274,0.506339,0.308942
2275,0.712155,0.519867
2276,0.701715,0.576102
2277,0.598061,0.408363
2278,0.693512,0.341911
2279,0.707681,0.549731
2280,0.490679,0.396902
2281,0.698732,0.400753
2282,0.526473,0.562629
2283,0.692767,0.435863
2284,0.557793,0.457756
2285,0.681581,0.500486
2286,0.100671,0.324947
2287,0.177479,0.407705
2288,0.535421,0.582267
2289,0.50261,0.630845
2290,0.33035,0.494452
2291,0.722595,0.674671
2292,0.759135,0.705472
2293,0.590604,0.633953
2294,0.737509,0.619399
2295,0.640567,0.533255
2296,0.096943,0.305555
2297,0.321402,0.401
2298,0.252796,0.540477
2299,0.39821,0.543859
2300,0.456376,0.534658
2301,0.612975,0.581311
2302,0.348993,0.484615
2303,0.557047,0.522569
2304,0.293065,0.394435
2305,0.187174,0.344497
2306,0.483967,0.51463
2307,0.609993,0.498474
2308,0.467562,0.478377
2309,0.574944,0.622932
2310,0.651007,0.597069
2311,0.741984,0.586269
2312,0.618195,0.674908
2313,0.507084,0.308287
2314,0.673378,0.615321
2315,0.598061,0.536926
2316,0.457867,0.444854
2317,0.287099,0.414447
2318,0.276659,0.450619
2319,0.509321,0.482268
2320,0.478747,0.559734
2321,0.641312,0.637037
2322,0.730798,0.641128
2323,0.419836,0.359699
2324,0.574944,0.540052
2325,0.413125,0.40724
2326,0.44519,0.493724
2327,0.278151,0.321735
2328,0.505593,0.517494
2329,0.249068,0.387128
2330,0.277405,0.640441
2331,0.565996,0.488799
2332,0.262491,0.337851
2333,0.297539,0.411236
2334,0.582401,0.524436
2335,0.674869,0.425772
2336,0.249068,0.41283
2337,0.494407,0.441983
2338,0.593587,0.593114
2339,0.662192,0.634133
2340,0.363162,0.502096
2341,0.374348,0.346857
2342,0.312453,0.349616
2343,0.441462,0.373562
2344,0.313199,0.452766
2345,0.53915,0.481702
2346,0.122297,0.338901
2347,0.637584,0.558707
2348,0.40343,0.477049
2349,0.556301,0.40549
2350,0.542878,0.494381
2351,0.52349,0.306449
2352,0.064131,0.329225
2353,0.372856,0.338635
2354,0.665175,0.522574
2355,0.651007,0.613897
2356,0.120805,0.527593
2357,0.666667,0.458171
2358,0.53915,0.611733
2359,0.684564,0.541935
2360,0.462342,0.464916
2361,0.452647,0.461761
